공원,2026년 10월,2026년 09월,2026년 08월,2026년 07월,2026년 06월,2026년 05월,2026년 04월,2026년 03월,2026년 02월,2026년 01월,2025년 12월,2025년 11월,2025년 10월,2025년 09월,2025년 08월,2025년 07월,2025년 06월,2025년 05월,2025년 04월,2025년 03월,2025년 02월,2025년 01월,2024년 12월,2024년 11월,2024년 10월,2024년 09월,2024년 08월,2024년 07월,2024년 06월,2024년 05월,2024년 04월,2024년 03월,2024년 02월,2024년 01월,2023년 12월,2023년 11월,합계
한라산,2,53,32,79,59,22,45,25,27,38,51,66,46,21,57,67,25,17,53,97,51,27,77,30,10,9,23,12,3,7,9,12,11,13,46,32,1254
지리산,0,11,38,66,28,65,53,29,46,38,30,69,22,14,14,19,42,78,21,176,39,73,20,26,13,9,16,30,33,40,16,22,19,3,4,8,1230
경주,0,14,26,13,14,9,22,17,15,12,1,9,17,16,8,0,14,8,37,25,5,8,8,19,5,23,21,89,38,23,12,12,3,0,0,7,550
소백산,0,22,35,20,15,49,14,41,37,9,5,26,11,18,9,24,31,39,8,16,10,4,0,6,8,5,2,16,18,28,25,12,24,1,1,16,605
주왕산,2,13,11,28,4,589,15,15,8,4,1,26,21,19,14,11,10,2,21,37,9,4,0,9,18,3,2,2,2,12,2,2,4,1,0,15,936
속리산,1,10,7,11,24,2,16,16,5,11,1,14,14,10,8,21,18,2,5,13,4,13,0,20,25,4,11,9,4,12,7,8,37,2,14,41,420
설악산,14,129,56,50,74,34,16,13,44,49,18,23,84,23,10,24,27,35,38,10,5,15,0,18,15,2,1,0,8,3,2,1,2,13,3,3,862
내장산,0,25,2,26,8,36,12,9,8,5,10,60,52,8,52,3,12,23,8,9,4,18,1,31,30,19,9,11,3,5,7,4,6,4,3,4,527
덕유산,0,4,1,5,0,33,10,16,7,11,16,28,14,3,24,9,23,31,24,31,3,9,19,7,3,2,3,8,0,2,2,7,3,6,2,11,377
팔공산,2,24,77,63,31,47,41,83,13,4,8,2,9,17,6,8,37,34,20,46,61,5,2,6,15,3,3,28,4,23,6,11,1,5,2,2,749
금정산,5,48,17,20,22,18,56,139,38,19,27,123,122,47,2,15,14,1,1,1,2,13,29,3,2,2,15,0,2,1,0,0,0,0,0,0,804
북한산,4,38,15,19,14,28,47,36,20,11,22,17,39,29,7,5,6,43,12,11,17,0,2,11,4,10,13,2,5,19,47,16,5,2,4,4,584
가야산,1,16,3,11,15,3,7,14,0,10,16,15,6,5,1,9,9,6,9,20,15,8,1,2,14,14,8,16,18,11,4,10,8,5,12,16,338
계룡산,0,16,12,21,12,4,11,10,17,4,8,22,22,4,1,7,3,8,10,13,7,7,0,5,18,2,9,5,4,22,11,6,1,1,2,17,322
무등산,6,35,19,4,24,43,49,31,21,49,4,24,43,16,9,30,10,22,30,23,9,4,4,33,22,25,45,23,6,11,2,2,4,3,4,10,699
치악산,0,6,1,2,8,9,3,11,10,2,6,3,3,2,8,13,14,3,23,35,19,2,2,4,14,13,0,0,5,2,2,3,2,0,2,19,251
월악산,1,1,3,3,27,6,5,12,6,6,3,7,0,7,8,5,6,8,7,17,4,7,0,5,1,3,10,0,8,10,7,3,9,2,1,6,214
오대산,2,2,8,2,15,7,10,7,11,13,9,18,16,25,4,2,17,10,11,7,20,4,2,6,7,10,4,4,2,5,6,34,2,3,5,2,312
월출산,0,12,8,6,5,4,2,7,4,17,6,24,15,8,7,4,4,2,5,1,1,0,4,27,70,20,9,25,3,21,4,0,3,4,26,4,362
태백산,3,7,16,8,8,14,17,11,78,77,13,11,5,1,0,4,3,5,8,6,14,3,2,11,16,4,2,4,1,22,4,7,7,5,1,1,399
태안해안,3,6,3,3,1,2,8,5,0,2,7,4,8,3,2,0,0,0,12,0,0,3,1,2,8,6,7,7,5,3,11,2,9,0,3,5,141
변산반도,0,2,3,7,2,8,12,6,14,0,4,19,6,3,1,12,1,3,1,2,11,9,0,3,9,3,10,12,6,2,5,1,11,0,0,5,193
한려해상,1,14,18,5,14,4,16,9,3,5,0,5,4,11,11,8,9,5,10,2,2,0,2,2,7,4,1,4,5,16,2,5,0,3,2,1,210
다도해해상,0,1,1,4,0,0,2,0,3,1,1,0,2,1,1,0,1,0,0,2,0,1,0,4,1,1,2,2,1,2,2,3,4,4,0,2,49
