공원,연월,검색관심도_원값,검색관심도_환산
가야산,2016년 01월,2.5,4.02
가야산,2016년 02월,2.15,3.46
가야산,2016년 03월,2.95,4.75
가야산,2016년 04월,3.45,5.56
가야산,2016년 05월,3.68,5.92
가야산,2016년 06월,2.86,4.6
가야산,2016년 07월,4.89,7.87
가야산,2016년 08월,4.64,7.47
가야산,2016년 09월,3.66,5.89
가야산,2016년 10월,5.6,9.01
가야산,2016년 11월,3.57,5.75
가야산,2016년 12월,2.25,3.62
가야산,2017년 01월,3.06,4.92
가야산,2017년 02월,3.58,5.76
가야산,2017년 03월,3.83,6.16
가야산,2017년 04월,4.77,7.67
가야산,2017년 05월,4.54,7.3
가야산,2017년 06월,4.38,7.04
가야산,2017년 07월,5.79,9.31
가야산,2017년 08월,5.83,9.37
가야산,2017년 09월,5.44,8.75
가야산,2017년 10월,8.92,14.35
가야산,2017년 11월,4.31,6.94
가야산,2017년 12월,8.81,14.17
가야산,2018년 01월,3.58,5.76
가야산,2018년 02월,2.01,3.23
가야산,2018년 03월,2.92,4.7
가야산,2018년 04월,3.04,4.89
가야산,2018년 05월,4.13,6.64
가야산,2018년 06월,3.95,6.36
가야산,2018년 07월,5.63,9.06
가야산,2018년 08월,5.27,8.48
가야산,2018년 09월,5.31,8.54
가야산,2018년 10월,9.24,14.87
가야산,2018년 11월,6.41,10.32
가야산,2018년 12월,4.35,6.99
가야산,2019년 01월,4.06,6.53
가야산,2019년 02월,2.59,4.17
가야산,2019년 03월,2.85,4.59
가야산,2019년 04월,4.07,6.54
가야산,2019년 05월,5.43,8.74
가야산,2019년 06월,5.86,9.43
가야산,2019년 07월,8.45,13.6
가야산,2019년 08월,6.56,10.56
가야산,2019년 09월,5.59,8.99
가야산,2019년 10월,10.57,17.0
가야산,2019년 11월,5.55,8.93
가야산,2019년 12월,3.23,5.2
가야산,2020년 01월,3.81,6.13
가야산,2020년 02월,2.28,3.67
가야산,2020년 03월,3.08,4.95
가야산,2020년 04월,3.19,5.14
가야산,2020년 05월,5.5,8.85
가야산,2020년 06월,5.51,8.87
가야산,2020년 07월,6.08,9.78
가야산,2020년 08월,15.77,25.38
가야산,2020년 09월,5.93,9.53
가야산,2020년 10월,8.43,13.56
가야산,2020년 11월,5.06,8.13
가야산,2020년 12월,4.65,7.48
가야산,2021년 01월,5.58,8.98
가야산,2021년 02월,4.68,7.54
가야산,2021년 03월,5.18,8.34
가야산,2021년 04월,6.61,10.64
가야산,2021년 05월,6.12,9.85
가야산,2021년 06월,6.08,9.79
가야산,2021년 07월,7.06,11.36
가야산,2021년 08월,8.2,13.18
가야산,2021년 09월,8.11,13.04
가야산,2021년 10월,12.13,19.51
가야산,2021년 11월,10.25,16.48
가야산,2021년 12월,5.23,8.41
가야산,2022년 01월,4.42,7.11
가야산,2022년 02월,4.94,7.95
가야산,2022년 03월,5.85,9.4
가야산,2022년 04월,6.23,10.02
가야산,2022년 05월,6.77,10.88
가야산,2022년 06월,6.15,9.89
가야산,2022년 07월,6.09,9.79
가야산,2022년 08월,7.11,11.44
가야산,2022년 09월,7.11,11.43
가야산,2022년 10월,9.41,15.13
가야산,2022년 11월,5.85,9.41
가야산,2022년 12월,3.68,5.91
가야산,2023년 01월,3.0,4.82
가야산,2023년 02월,3.88,6.25
가야산,2023년 03월,4.7,7.57
가야산,2023년 04월,4.46,7.17
가야산,2023년 05월,4.64,7.46
가야산,2023년 06월,4.15,6.67
가야산,2023년 07월,3.27,5.27
가야산,2023년 08월,3.7,5.95
가야산,2023년 09월,3.5,5.63
가야산,2023년 10월,6.05,9.73
가야산,2023년 11월,3.6,5.8
가야산,2023년 12월,2.56,4.12
가야산,2024년 01월,2.2,3.54
가야산,2024년 02월,2.81,4.52
가야산,2024년 03월,3.21,5.16
가야산,2024년 04월,3.68,5.92
가야산,2024년 05월,3.53,5.67
가야산,2024년 06월,3.04,4.88
가야산,2024년 07월,2.75,4.42
가야산,2024년 08월,3.19,5.14
가야산,2024년 09월,3.46,5.57
가야산,2024년 10월,5.3,8.53
가야산,2024년 11월,4.4,7.07
가야산,2024년 12월,3.38,5.44
가야산,2025년 01월,2.32,3.74
가야산,2025년 02월,2.33,3.74
가야산,2025년 03월,2.83,4.55
가야산,2025년 04월,3.66,5.89
가야산,2025년 05월,2.81,4.53
가야산,2025년 06월,1.99,3.21
가야산,2025년 07월,2.23,3.58
가야산,2025년 08월,3.8,6.12
가야산,2025년 09월,2.44,3.92
가야산,2025년 10월,4.49,7.22
가야산,2025년 11월,4.52,7.28
가야산,2025년 12월,3.93,6.32
가야산,2026년 01월,2.15,3.46
가야산,2026년 02월,2.23,3.59
가야산,2026년 03월,3.07,4.94
가야산,2026년 04월,3.08,4.95
가야산,2026년 05월,3.4,5.47
가야산,2026년 06월,2.7,4.34
가야산,2026년 07월,4.08,6.56
가야산,2026년 08월,3.84,6.17
경주,2016년 01월,2.34,2.34
경주,2016년 02월,1.99,1.99
경주,2016년 03월,2.43,2.43
경주,2016년 04월,2.77,2.77
경주,2016년 05월,2.99,2.99
경주,2016년 06월,2.22,2.22
경주,2016년 07월,2.18,2.18
경주,2016년 08월,2.41,2.41
경주,2016년 09월,2.85,2.85
경주,2016년 10월,2.19,2.19
경주,2016년 11월,1.99,1.99
경주,2016년 12월,1.45,1.45
경주,2017년 01월,1.38,1.38
경주,2017년 02월,1.58,1.58
경주,2017년 03월,2.23,2.23
경주,2017년 04월,2.75,2.75
경주,2017년 05월,2.71,2.71
경주,2017년 06월,2.34,2.34
경주,2017년 07월,2.42,2.42
경주,2017년 08월,2.75,2.75
경주,2017년 09월,2.84,2.84
경주,2017년 10월,3.92,3.92
경주,2017년 11월,2.38,2.38
경주,2017년 12월,1.4,1.4
경주,2018년 01월,1.62,1.62
경주,2018년 02월,1.41,1.41
경주,2018년 03월,2.55,2.55
경주,2018년 04월,2.87,2.87
경주,2018년 05월,2.83,2.83
경주,2018년 06월,2.22,2.22
경주,2018년 07월,2.38,2.38
경주,2018년 08월,3.33,3.33
경주,2018년 09월,4.41,4.41
경주,2018년 10월,4.77,4.77
경주,2018년 11월,3.4,3.4
경주,2018년 12월,2.69,2.69
경주,2019년 01월,1.93,1.93
경주,2019년 02월,2.16,2.16
경주,2019년 03월,2.78,2.78
경주,2019년 04월,2.79,2.79
경주,2019년 05월,3.05,3.05
경주,2019년 06월,2.73,2.73
경주,2019년 07월,2.92,2.92
경주,2019년 08월,3.26,3.26
경주,2019년 09월,2.87,2.87
경주,2019년 10월,4.24,4.24
경주,2019년 11월,3.39,3.39
경주,2019년 12월,2.3,2.3
경주,2020년 01월,2.8,2.8
경주,2020년 02월,1.81,1.81
경주,2020년 03월,1.88,1.88
경주,2020년 04월,3.32,3.32
경주,2020년 05월,3.58,3.58
경주,2020년 06월,3.62,3.62
경주,2020년 07월,4.21,4.21
경주,2020년 08월,4.34,4.34
경주,2020년 09월,3.93,3.93
경주,2020년 10월,5.5,5.5
경주,2020년 11월,4.36,4.36
경주,2020년 12월,3.57,3.57
경주,2021년 01월,3.41,3.41
경주,2021년 02월,3.88,3.88
경주,2021년 03월,4.1,4.1
경주,2021년 04월,4.84,4.84
경주,2021년 05월,5.34,5.34
경주,2021년 06월,4.66,4.66
경주,2021년 07월,3.81,3.81
경주,2021년 08월,4.95,4.95
경주,2021년 09월,5.67,5.67
경주,2021년 10월,7.86,7.86
경주,2021년 11월,5.3,5.3
경주,2021년 12월,3.66,3.66
경주,2022년 01월,3.51,3.51
경주,2022년 02월,3.36,3.36
경주,2022년 03월,3.61,3.61
경주,2022년 04월,5.18,5.18
경주,2022년 05월,5.05,5.05
경주,2022년 06월,4.05,4.05
경주,2022년 07월,3.93,3.93
경주,2022년 08월,5.25,5.25
경주,2022년 09월,6.76,6.76
경주,2022년 10월,8.29,8.29
경주,2022년 11월,5.59,5.59
경주,2022년 12월,3.95,3.95
경주,2023년 01월,4.1,4.1
경주,2023년 02월,4.83,4.83
경주,2023년 03월,5.58,5.58
경주,2023년 04월,5.86,5.86
경주,2023년 05월,6.41,6.41
경주,2023년 06월,5.1,5.1
경주,2023년 07월,3.39,3.39
경주,2023년 08월,3.68,3.68
경주,2023년 09월,4.21,4.21
경주,2023년 10월,5.89,5.89
경주,2023년 11월,4.0,4.0
경주,2023년 12월,2.89,2.89
경주,2024년 01월,2.44,2.44
경주,2024년 02월,3.22,3.22
경주,2024년 03월,3.62,3.62
경주,2024년 04월,3.65,3.65
경주,2024년 05월,4.78,4.78
경주,2024년 06월,3.55,3.55
경주,2024년 07월,3.33,3.33
경주,2024년 08월,3.67,3.67
경주,2024년 09월,4.07,4.07
경주,2024년 10월,4.65,4.65
경주,2024년 11월,3.89,3.89
경주,2024년 12월,2.07,2.07
경주,2025년 01월,2.33,2.33
경주,2025년 02월,2.15,2.15
경주,2025년 03월,2.83,2.83
경주,2025년 04월,3.19,3.19
경주,2025년 05월,2.7,2.7
경주,2025년 06월,2.22,2.22
경주,2025년 07월,2.13,2.13
경주,2025년 08월,2.47,2.47
경주,2025년 09월,2.45,2.45
경주,2025년 10월,3.52,3.52
경주,2025년 11월,3.27,3.27
경주,2025년 12월,2.12,2.12
경주,2026년 01월,1.76,1.76
경주,2026년 02월,2.36,2.36
경주,2026년 03월,2.14,2.14
경주,2026년 04월,2.44,2.44
경주,2026년 05월,2.67,2.67
경주,2026년 06월,1.84,1.84
경주,2026년 07월,1.79,1.79
경주,2026년 08월,1.85,1.85
계룡산,2016년 01월,4.22,4.22
계룡산,2016년 02월,3.5,3.5
계룡산,2016년 03월,5.81,5.81
계룡산,2016년 04월,5.51,5.51
계룡산,2016년 05월,6.2,6.2
계룡산,2016년 06월,4.76,4.76
계룡산,2016년 07월,5.4,5.4
계룡산,2016년 08월,6.07,6.07
계룡산,2016년 09월,5.99,5.99
계룡산,2016년 10월,8.98,8.98
계룡산,2016년 11월,5.75,5.75
계룡산,2016년 12월,2.05,2.05
계룡산,2017년 01월,1.99,1.99
계룡산,2017년 02월,4.29,4.29
계룡산,2017년 03월,6.81,6.81
계룡산,2017년 04월,7.37,7.37
계룡산,2017년 05월,8.17,8.17
계룡산,2017년 06월,6.13,6.13
계룡산,2017년 07월,5.24,5.24
계룡산,2017년 08월,6.74,6.74
계룡산,2017년 09월,7.58,7.58
계룡산,2017년 10월,14.38,14.38
계룡산,2017년 11월,8.63,8.63
계룡산,2017년 12월,4.0,4.0
계룡산,2018년 01월,4.75,4.75
계룡산,2018년 02월,4.19,4.19
계룡산,2018년 03월,8.13,8.13
계룡산,2018년 04월,6.74,6.74
계룡산,2018년 05월,9.95,9.95
계룡산,2018년 06월,8.66,8.66
계룡산,2018년 07월,6.75,6.75
계룡산,2018년 08월,5.07,5.07
계룡산,2018년 09월,8.83,8.83
계룡산,2018년 10월,15.66,15.66
계룡산,2018년 11월,12.98,12.98
계룡산,2018년 12월,5.1,5.1
계룡산,2019년 01월,4.67,4.67
계룡산,2019년 02월,5.49,5.49
계룡산,2019년 03월,7.34,7.34
계룡산,2019년 04월,4.99,4.99
계룡산,2019년 05월,7.17,7.17
계룡산,2019년 06월,6.25,6.25
계룡산,2019년 07월,7.74,7.74
계룡산,2019년 08월,7.53,7.53
계룡산,2019년 09월,6.61,6.61
계룡산,2019년 10월,13.15,13.15
계룡산,2019년 11월,6.02,6.02
계룡산,2019년 12월,3.17,3.17
계룡산,2020년 01월,4.26,4.26
계룡산,2020년 02월,4.32,4.32
계룡산,2020년 03월,5.08,5.08
계룡산,2020년 04월,5.27,5.27
계룡산,2020년 05월,4.88,4.88
계룡산,2020년 06월,3.93,3.93
계룡산,2020년 07월,4.43,4.43
계룡산,2020년 08월,9.93,9.93
계룡산,2020년 09월,9.41,9.41
계룡산,2020년 10월,10.2,10.2
계룡산,2020년 11월,3.97,3.97
계룡산,2020년 12월,5.72,5.72
계룡산,2021년 01월,9.11,9.11
계룡산,2021년 02월,6.64,6.64
계룡산,2021년 03월,8.06,8.06
계룡산,2021년 04월,7.33,7.33
계룡산,2021년 05월,9.06,9.06
계룡산,2021년 06월,8.31,8.31
계룡산,2021년 07월,7.74,7.74
계룡산,2021년 08월,7.54,7.54
계룡산,2021년 09월,8.09,8.09
계룡산,2021년 10월,13.26,13.26
계룡산,2021년 11월,7.86,7.86
계룡산,2021년 12월,4.36,4.36
계룡산,2022년 01월,2.77,2.77
계룡산,2022년 02월,2.67,2.67
계룡산,2022년 03월,3.44,3.44
계룡산,2022년 04월,4.53,4.53
계룡산,2022년 05월,4.56,4.56
계룡산,2022년 06월,3.96,3.96
계룡산,2022년 07월,3.85,3.85
계룡산,2022년 08월,4.36,4.36
계룡산,2022년 09월,4.47,4.47
계룡산,2022년 10월,4.68,4.68
계룡산,2022년 11월,3.09,3.09
계룡산,2022년 12월,2.29,2.29
계룡산,2023년 01월,2.09,2.09
계룡산,2023년 02월,2.77,2.77
계룡산,2023년 03월,4.12,4.12
계룡산,2023년 04월,3.84,3.84
계룡산,2023년 05월,3.94,3.94
계룡산,2023년 06월,3.67,3.67
계룡산,2023년 07월,4.37,4.37
계룡산,2023년 08월,3.88,3.88
계룡산,2023년 09월,3.41,3.41
계룡산,2023년 10월,5.3,5.3
계룡산,2023년 11월,3.37,3.37
계룡산,2023년 12월,2.77,2.77
계룡산,2024년 01월,2.14,2.14
계룡산,2024년 02월,2.61,2.61
계룡산,2024년 03월,3.43,3.43
계룡산,2024년 04월,3.98,3.98
계룡산,2024년 05월,3.47,3.47
계룡산,2024년 06월,2.93,2.93
계룡산,2024년 07월,3.09,3.09
계룡산,2024년 08월,2.79,2.79
계룡산,2024년 09월,3.05,3.05
계룡산,2024년 10월,3.78,3.78
계룡산,2024년 11월,2.93,2.93
계룡산,2024년 12월,1.88,1.88
계룡산,2025년 01월,2.64,2.64
계룡산,2025년 02월,2.39,2.39
계룡산,2025년 03월,2.49,2.49
계룡산,2025년 04월,2.97,2.97
계룡산,2025년 05월,3.19,3.19
계룡산,2025년 06월,3.86,3.86
계룡산,2025년 07월,3.53,3.53
계룡산,2025년 08월,3.42,3.42
계룡산,2025년 09월,3.02,3.02
계룡산,2025년 10월,3.87,3.87
계룡산,2025년 11월,3.81,3.81
계룡산,2025년 12월,2.13,2.13
계룡산,2026년 01월,2.38,2.38
계룡산,2026년 02월,2.38,2.38
계룡산,2026년 03월,2.88,2.88
계룡산,2026년 04월,3.28,3.28
계룡산,2026년 05월,3.0,3.0
계룡산,2026년 06월,2.61,2.61
계룡산,2026년 07월,3.69,3.69
계룡산,2026년 08월,2.74,2.74
금정산,2016년 02월,0.01,0.01
금정산,2016년 04월,0.03,0.03
금정산,2016년 08월,0.01,0.01
금정산,2016년 09월,0.01,0.01
금정산,2016년 10월,0.01,0.01
금정산,2017년 01월,0.01,0.01
금정산,2017년 02월,0.02,0.02
금정산,2017년 03월,0.18,0.18
금정산,2017년 06월,0.02,0.02
금정산,2017년 07월,0.02,0.02
금정산,2017년 09월,0.01,0.01
금정산,2017년 10월,0.03,0.03
금정산,2017년 11월,0.08,0.08
금정산,2017년 12월,0.01,0.01
금정산,2018년 02월,0.02,0.02
금정산,2018년 03월,0.09,0.09
금정산,2018년 04월,0.25,0.25
금정산,2018년 05월,0.04,0.04
금정산,2018년 06월,0.07,0.07
금정산,2018년 07월,0.03,0.03
금정산,2018년 08월,0.15,0.15
금정산,2018년 09월,0.08,0.08
금정산,2018년 10월,0.51,0.51
금정산,2018년 11월,0.28,0.28
금정산,2018년 12월,0.25,0.25
금정산,2019년 01월,0.1,0.1
금정산,2019년 02월,0.19,0.19
금정산,2019년 03월,0.24,0.24
금정산,2019년 04월,0.13,0.13
금정산,2019년 05월,0.09,0.09
금정산,2019년 06월,0.25,0.25
금정산,2019년 07월,0.49,0.49
금정산,2019년 08월,0.47,0.47
금정산,2019년 09월,0.4,0.4
금정산,2019년 10월,0.45,0.45
금정산,2019년 11월,0.47,0.47
금정산,2019년 12월,0.31,0.31
금정산,2020년 01월,0.45,0.45
금정산,2020년 02월,0.43,0.43
금정산,2020년 03월,0.6,0.6
금정산,2020년 04월,0.31,0.31
금정산,2020년 05월,0.23,0.23
금정산,2020년 06월,0.26,0.26
금정산,2020년 07월,0.26,0.26
금정산,2020년 08월,0.19,0.19
금정산,2020년 09월,0.15,0.15
금정산,2020년 10월,0.21,0.21
금정산,2020년 11월,0.3,0.3
금정산,2020년 12월,0.2,0.2
금정산,2021년 01월,0.05,0.05
금정산,2021년 02월,0.03,0.03
금정산,2021년 03월,0.25,0.25
금정산,2021년 04월,0.23,0.23
금정산,2021년 05월,0.24,0.24
금정산,2021년 06월,0.43,0.43
금정산,2021년 07월,0.19,0.19
금정산,2021년 08월,0.96,0.96
금정산,2021년 09월,0.91,0.91
금정산,2021년 10월,0.82,0.82
금정산,2021년 11월,0.6,0.6
금정산,2021년 12월,0.49,0.49
금정산,2022년 01월,0.31,0.31
금정산,2022년 02월,0.25,0.25
금정산,2022년 03월,0.16,0.16
금정산,2022년 04월,0.14,0.14
금정산,2022년 05월,0.12,0.12
금정산,2022년 06월,0.13,0.13
금정산,2022년 07월,0.11,0.11
금정산,2022년 08월,0.09,0.09
금정산,2022년 09월,0.1,0.1
금정산,2022년 10월,0.14,0.14
금정산,2022년 11월,0.12,0.12
금정산,2022년 12월,0.03,0.03
금정산,2023년 01월,0.06,0.06
금정산,2023년 02월,0.04,0.04
금정산,2023년 03월,0.08,0.08
금정산,2023년 04월,0.1,0.1
금정산,2023년 05월,0.36,0.36
금정산,2023년 06월,0.19,0.19
금정산,2023년 07월,0.44,0.44
금정산,2023년 08월,0.91,0.91
금정산,2023년 09월,0.3,0.3
금정산,2023년 10월,0.61,0.61
금정산,2023년 11월,0.38,0.38
금정산,2023년 12월,0.81,0.81
금정산,2024년 01월,0.89,0.89
금정산,2024년 02월,0.69,0.69
금정산,2024년 03월,0.73,0.73
금정산,2024년 04월,0.57,0.57
금정산,2024년 05월,0.43,0.43
금정산,2024년 06월,2.52,2.52
금정산,2024년 07월,1.29,1.29
금정산,2024년 08월,2.65,2.65
금정산,2024년 09월,2.02,2.02
금정산,2024년 10월,1.93,1.93
금정산,2024년 11월,2.05,2.05
금정산,2024년 12월,2.7,2.7
금정산,2025년 01월,2.18,2.18
금정산,2025년 02월,2.12,2.12
금정산,2025년 03월,1.96,1.96
금정산,2025년 04월,1.57,1.57
금정산,2025년 05월,2.09,2.09
금정산,2025년 06월,2.87,2.87
금정산,2025년 07월,3.52,3.52
금정산,2025년 08월,1.91,1.91
금정산,2025년 09월,3.29,3.29
금정산,2025년 10월,9.83,9.83
금정산,2025년 11월,42.68,42.68
금정산,2025년 12월,13.59,13.59
금정산,2026년 01월,7.14,7.14
금정산,2026년 02월,9.73,9.73
금정산,2026년 03월,15.8,15.8
금정산,2026년 04월,8.7,8.7
금정산,2026년 05월,8.11,8.11
금정산,2026년 06월,4.75,4.75
금정산,2026년 07월,4.18,4.18
금정산,2026년 08월,3.51,3.51
내장산,2016년 01월,2.28,4.94
내장산,2016년 02월,1.86,4.04
내장산,2016년 03월,2.19,4.76
내장산,2016년 04월,2.48,5.37
내장산,2016년 05월,4.03,8.75
내장산,2016년 06월,2.82,6.12
내장산,2016년 07월,2.83,6.15
내장산,2016년 08월,2.75,5.96
내장산,2016년 09월,3.5,7.59
내장산,2016년 10월,6.31,13.7
내장산,2016년 11월,7.35,15.94
내장산,2016년 12월,1.03,2.24
내장산,2017년 01월,1.01,2.18
내장산,2017년 02월,2.04,4.43
내장산,2017년 03월,2.86,6.22
내장산,2017년 04월,3.36,7.29
내장산,2017년 05월,4.09,8.87
내장산,2017년 06월,3.41,7.39
내장산,2017년 07월,3.48,7.56
내장산,2017년 08월,5.0,10.85
내장산,2017년 09월,6.82,14.79
내장산,2017년 10월,16.87,36.62
내장산,2017년 11월,9.24,20.05
내장산,2017년 12월,2.03,4.4
내장산,2018년 01월,3.49,7.58
내장산,2018년 02월,2.36,5.12
내장산,2018년 03월,2.89,6.28
내장산,2018년 04월,3.14,6.81
내장산,2018년 05월,3.96,8.59
내장산,2018년 06월,3.2,6.95
내장산,2018년 07월,3.6,7.82
내장산,2018년 08월,4.3,9.33
내장산,2018년 09월,4.15,9.01
내장산,2018년 10월,9.67,20.98
내장산,2018년 11월,9.48,20.57
내장산,2018년 12월,2.28,4.94
내장산,2019년 01월,1.89,4.1
내장산,2019년 02월,2.31,5.02
내장산,2019년 03월,1.86,4.03
내장산,2019년 04월,2.77,6.0
내장산,2019년 05월,3.8,8.24
내장산,2019년 06월,3.23,7.02
내장산,2019년 07월,3.69,8.01
내장산,2019년 08월,5.63,12.22
내장산,2019년 09월,6.74,14.63
내장산,2019년 10월,21.24,46.09
내장산,2019년 11월,11.37,24.68
내장산,2019년 12월,1.97,4.28
내장산,2020년 01월,1.52,3.29
내장산,2020년 02월,1.41,3.06
내장산,2020년 03월,1.83,3.96
내장산,2020년 04월,2.16,4.7
내장산,2020년 05월,2.69,5.83
내장산,2020년 06월,2.95,6.41
내장산,2020년 07월,3.94,8.56
내장산,2020년 08월,5.25,11.4
내장산,2020년 09월,6.17,13.39
내장산,2020년 10월,16.32,35.43
내장산,2020년 11월,10.29,22.32
내장산,2020년 12월,2.85,6.19
내장산,2021년 01월,5.71,12.4
내장산,2021년 02월,3.61,7.84
내장산,2021년 03월,3.98,8.63
내장산,2021년 04월,2.45,5.32
내장산,2021년 05월,3.21,6.96
내장산,2021년 06월,4.06,8.82
내장산,2021년 07월,4.65,10.09
내장산,2021년 08월,6.01,13.05
내장산,2021년 09월,10.11,21.95
내장산,2021년 10월,30.25,65.64
내장산,2021년 11월,28.42,61.67
내장산,2021년 12월,2.33,5.05
내장산,2022년 01월,2.93,6.35
내장산,2022년 02월,3.02,6.55
내장산,2022년 03월,2.85,6.19
내장산,2022년 04월,4.24,9.2
내장산,2022년 05월,4.1,8.89
내장산,2022년 06월,3.62,7.85
내장산,2022년 07월,4.32,9.37
내장산,2022년 08월,6.09,13.22
내장산,2022년 09월,9.47,20.54
내장산,2022년 10월,26.91,58.4
내장산,2022년 11월,13.88,30.13
내장산,2022년 12월,1.94,4.21
내장산,2023년 01월,1.66,3.61
내장산,2023년 02월,1.67,3.62
내장산,2023년 03월,2.89,6.27
내장산,2023년 04월,3.34,7.25
내장산,2023년 05월,3.59,7.79
내장산,2023년 06월,3.52,7.64
내장산,2023년 07월,3.34,7.25
내장산,2023년 08월,4.8,10.42
내장산,2023년 09월,5.58,12.1
내장산,2023년 10월,24.18,52.47
내장산,2023년 11월,15.26,33.11
내장산,2023년 12월,1.88,4.08
내장산,2024년 01월,1.54,3.34
내장산,2024년 02월,1.56,3.39
내장산,2024년 03월,1.98,4.29
내장산,2024년 04월,2.66,5.77
내장산,2024년 05월,3.19,6.93
내장산,2024년 06월,2.88,6.25
내장산,2024년 07월,2.99,6.48
내장산,2024년 08월,3.98,8.63
내장산,2024년 09월,5.73,12.43
내장산,2024년 10월,13.06,28.34
내장산,2024년 11월,12.83,27.84
내장산,2024년 12월,2.03,4.41
내장산,2025년 01월,2.31,5.01
내장산,2025년 02월,1.74,3.78
내장산,2025년 03월,1.49,3.24
내장산,2025년 04월,2.86,6.21
내장산,2025년 05월,3.31,7.19
내장산,2025년 06월,2.96,6.42
내장산,2025년 07월,3.97,8.62
내장산,2025년 08월,9.26,20.1
내장산,2025년 09월,8.09,17.56
내장산,2025년 10월,16.41,35.61
내장산,2025년 11월,28.37,61.56
내장산,2025년 12월,2.16,4.7
내장산,2026년 01월,2.01,4.37
내장산,2026년 02월,2.22,4.82
내장산,2026년 03월,2.37,5.14
내장산,2026년 04월,2.13,4.62
내장산,2026년 05월,1.96,4.26
내장산,2026년 06월,1.5,3.25
내장산,2026년 07월,1.91,4.14
내장산,2026년 08월,2.08,4.52
다도해해상,2016년 01월,3.53,3.53
다도해해상,2016년 02월,3.63,3.63
다도해해상,2016년 03월,5.24,5.24
다도해해상,2016년 04월,6.07,6.07
다도해해상,2016년 05월,6.24,6.24
다도해해상,2016년 06월,6.37,6.37
다도해해상,2016년 07월,8.1,8.1
다도해해상,2016년 08월,5.94,5.94
다도해해상,2016년 09월,2.97,2.97
다도해해상,2016년 10월,2.22,2.22
다도해해상,2016년 11월,1.81,1.81
다도해해상,2016년 12월,1.42,1.42
다도해해상,2017년 01월,1.14,1.14
다도해해상,2017년 02월,1.37,1.37
다도해해상,2017년 03월,2.94,2.94
다도해해상,2017년 04월,3.82,3.82
다도해해상,2017년 05월,5.07,5.07
다도해해상,2017년 06월,6.08,6.08
다도해해상,2017년 07월,6.67,6.67
다도해해상,2017년 08월,6.57,6.57
다도해해상,2017년 09월,5.81,5.81
다도해해상,2017년 10월,5.47,5.47
다도해해상,2017년 11월,3.5,3.5
다도해해상,2017년 12월,3.16,3.16
다도해해상,2018년 01월,2.75,2.75
다도해해상,2018년 02월,2.39,2.39
다도해해상,2018년 03월,4.12,4.12
다도해해상,2018년 04월,4.78,4.78
다도해해상,2018년 05월,6.3,6.3
다도해해상,2018년 06월,4.86,4.86
다도해해상,2018년 07월,6.31,6.31
다도해해상,2018년 08월,5.0,5.0
다도해해상,2018년 09월,3.02,3.02
다도해해상,2018년 10월,3.24,3.24
다도해해상,2018년 11월,3.09,3.09
다도해해상,2018년 12월,2.56,2.56
다도해해상,2019년 01월,5.21,5.21
다도해해상,2019년 02월,2.37,2.37
다도해해상,2019년 03월,2.31,2.31
다도해해상,2019년 04월,2.73,2.73
다도해해상,2019년 05월,3.76,3.76
다도해해상,2019년 06월,4.69,4.69
다도해해상,2019년 07월,5.96,5.96
다도해해상,2019년 08월,5.81,5.81
다도해해상,2019년 09월,3.99,3.99
다도해해상,2019년 10월,2.99,2.99
다도해해상,2019년 11월,1.85,1.85
다도해해상,2019년 12월,2.67,2.67
다도해해상,2020년 01월,2.26,2.26
다도해해상,2020년 02월,2.24,2.24
다도해해상,2020년 03월,2.55,2.55
다도해해상,2020년 04월,5.02,5.02
다도해해상,2020년 05월,5.49,5.49
다도해해상,2020년 06월,5.81,5.81
다도해해상,2020년 07월,9.12,9.12
다도해해상,2020년 08월,7.88,7.88
다도해해상,2020년 09월,10.21,10.21
다도해해상,2020년 10월,5.7,5.7
다도해해상,2020년 11월,4.74,4.74
다도해해상,2020년 12월,5.26,5.26
다도해해상,2021년 01월,4.02,4.02
다도해해상,2021년 02월,6.18,6.18
다도해해상,2021년 03월,5.75,5.75
다도해해상,2021년 04월,6.51,6.51
다도해해상,2021년 05월,7.48,7.48
다도해해상,2021년 06월,8.05,8.05
다도해해상,2021년 07월,8.4,8.4
다도해해상,2021년 08월,8.2,8.2
다도해해상,2021년 09월,6.54,6.54
다도해해상,2021년 10월,6.69,6.69
다도해해상,2021년 11월,5.29,5.29
다도해해상,2021년 12월,4.08,4.08
다도해해상,2022년 01월,2.99,2.99
다도해해상,2022년 02월,3.34,3.34
다도해해상,2022년 03월,3.28,3.28
다도해해상,2022년 04월,3.46,3.46
다도해해상,2022년 05월,6.52,6.52
다도해해상,2022년 06월,7.88,7.88
다도해해상,2022년 07월,10.2,10.2
다도해해상,2022년 08월,8.39,8.39
다도해해상,2022년 09월,5.36,5.36
다도해해상,2022년 10월,7.82,7.82
다도해해상,2022년 11월,4.56,4.56
다도해해상,2022년 12월,3.13,3.13
다도해해상,2023년 01월,3.5,3.5
다도해해상,2023년 02월,3.63,3.63
다도해해상,2023년 03월,4.6,4.6
다도해해상,2023년 04월,6.08,6.08
다도해해상,2023년 05월,6.1,6.1
다도해해상,2023년 06월,6.62,6.62
다도해해상,2023년 07월,5.78,5.78
다도해해상,2023년 08월,6.15,6.15
다도해해상,2023년 09월,4.79,4.79
다도해해상,2023년 10월,4.67,4.67
다도해해상,2023년 11월,3.83,3.83
다도해해상,2023년 12월,2.87,2.87
다도해해상,2024년 01월,2.87,2.87
다도해해상,2024년 02월,3.1,3.1
다도해해상,2024년 03월,3.73,3.73
다도해해상,2024년 04월,4.39,4.39
다도해해상,2024년 05월,5.19,5.19
다도해해상,2024년 06월,5.59,5.59
다도해해상,2024년 07월,4.88,4.88
다도해해상,2024년 08월,7.51,7.51
다도해해상,2024년 09월,3.58,3.58
다도해해상,2024년 10월,4.51,4.51
다도해해상,2024년 11월,1.62,1.62
다도해해상,2024년 12월,1.11,1.11
다도해해상,2025년 01월,1.56,1.56
다도해해상,2025년 02월,1.37,1.37
다도해해상,2025년 03월,2.11,2.11
다도해해상,2025년 04월,2.12,2.12
다도해해상,2025년 05월,1.97,1.97
다도해해상,2025년 06월,1.74,1.74
다도해해상,2025년 07월,1.86,1.86
다도해해상,2025년 08월,1.71,1.71
다도해해상,2025년 09월,1.82,1.82
다도해해상,2025년 10월,1.72,1.72
다도해해상,2025년 11월,1.08,1.08
다도해해상,2025년 12월,1.21,1.21
다도해해상,2026년 01월,1.42,1.42
다도해해상,2026년 02월,1.42,1.42
다도해해상,2026년 03월,1.52,1.52
다도해해상,2026년 04월,1.72,1.72
다도해해상,2026년 05월,1.33,1.33
다도해해상,2026년 06월,1.27,1.27
다도해해상,2026년 07월,1.51,1.51
다도해해상,2026년 08월,1.24,1.24
덕유산,2016년 01월,14.4,23.16
덕유산,2016년 02월,6.05,9.73
덕유산,2016년 03월,5.17,8.32
덕유산,2016년 04월,6.51,10.46
덕유산,2016년 05월,10.42,16.77
덕유산,2016년 06월,7.85,12.63
덕유산,2016년 07월,8.3,13.35
덕유산,2016년 08월,6.76,10.87
덕유산,2016년 09월,4.22,6.79
덕유산,2016년 10월,6.31,10.15
덕유산,2016년 11월,4.92,7.92
덕유산,2016년 12월,6.69,10.76
덕유산,2017년 01월,11.21,18.04
덕유산,2017년 02월,5.7,9.18
덕유산,2017년 03월,2.86,4.6
덕유산,2017년 04월,5.83,9.38
덕유산,2017년 05월,10.61,17.06
덕유산,2017년 06월,8.57,13.78
덕유산,2017년 07월,7.91,12.72
덕유산,2017년 08월,5.8,9.34
덕유산,2017년 09월,3.82,6.14
덕유산,2017년 10월,5.76,9.26
덕유산,2017년 11월,4.85,7.8
덕유산,2017년 12월,7.0,11.25
덕유산,2018년 01월,13.25,21.31
덕유산,2018년 02월,5.0,8.04
덕유산,2018년 03월,5.1,8.21
덕유산,2018년 04월,5.21,8.39
덕유산,2018년 05월,9.32,14.99
덕유산,2018년 06월,6.61,10.63
덕유산,2018년 07월,6.54,10.52
덕유산,2018년 08월,4.43,7.12
덕유산,2018년 09월,2.7,4.35
덕유산,2018년 10월,4.03,6.48
덕유산,2018년 11월,2.46,3.96
덕유산,2018년 12월,4.22,6.79
덕유산,2019년 01월,4.48,7.21
덕유산,2019년 02월,3.21,5.16
덕유산,2019년 03월,1.91,3.07
덕유산,2019년 04월,2.43,3.9
덕유산,2019년 05월,4.32,6.95
덕유산,2019년 06월,3.87,6.23
덕유산,2019년 07월,4.87,7.83
덕유산,2019년 08월,5.27,8.48
덕유산,2019년 09월,3.03,4.87
덕유산,2019년 10월,3.68,5.92
덕유산,2019년 11월,3.54,5.7
덕유산,2019년 12월,6.49,10.44
덕유산,2020년 01월,8.91,14.33
덕유산,2020년 02월,5.05,8.13
덕유산,2020년 03월,2.39,3.84
덕유산,2020년 04월,3.2,5.14
덕유산,2020년 05월,3.33,5.36
덕유산,2020년 06월,3.32,5.35
덕유산,2020년 07월,4.92,7.92
덕유산,2020년 08월,6.12,9.85
덕유산,2020년 09월,3.53,5.68
덕유산,2020년 10월,3.98,6.4
덕유산,2020년 11월,3.82,6.14
덕유산,2020년 12월,12.5,20.1
덕유산,2021년 01월,18.59,29.91
덕유산,2021년 02월,5.99,9.63
덕유산,2021년 03월,4.17,6.7
덕유산,2021년 04월,6.21,10.0
덕유산,2021년 05월,7.95,12.79
덕유산,2021년 06월,4.83,7.78
덕유산,2021년 07월,5.94,9.56
덕유산,2021년 08월,5.71,9.18
덕유산,2021년 09월,5.0,8.04
덕유산,2021년 10월,6.7,10.78
덕유산,2021년 11월,8.69,13.98
덕유산,2021년 12월,15.57,25.04
덕유산,2022년 01월,13.23,21.28
덕유산,2022년 02월,8.55,13.75
덕유산,2022년 03월,2.84,4.57
덕유산,2022년 04월,4.15,6.68
덕유산,2022년 05월,8.48,13.65
덕유산,2022년 06월,8.26,13.29
덕유산,2022년 07월,12.06,19.4
덕유산,2022년 08월,9.24,14.87
덕유산,2022년 09월,5.94,9.55
덕유산,2022년 10월,6.2,9.97
덕유산,2022년 11월,3.75,6.03
덕유산,2022년 12월,16.3,26.23
덕유산,2023년 01월,13.35,21.48
덕유산,2023년 02월,4.99,8.03
덕유산,2023년 03월,2.6,4.18
덕유산,2023년 04월,3.77,6.06
덕유산,2023년 05월,5.67,9.12
덕유산,2023년 06월,5.66,9.1
덕유산,2023년 07월,5.71,9.18
덕유산,2023년 08월,5.21,8.38
덕유산,2023년 09월,3.45,5.55
덕유산,2023년 10월,4.48,7.2
덕유산,2023년 11월,7.22,11.61
덕유산,2023년 12월,17.47,28.1
덕유산,2024년 01월,13.45,21.64
덕유산,2024년 02월,6.97,11.22
덕유산,2024년 03월,3.45,5.56
덕유산,2024년 04월,3.67,5.9
덕유산,2024년 05월,4.77,7.68
덕유산,2024년 06월,4.55,7.33
덕유산,2024년 07월,3.65,5.87
덕유산,2024년 08월,3.54,5.69
덕유산,2024년 09월,2.64,4.25
덕유산,2024년 10월,2.93,4.71
덕유산,2024년 11월,4.22,6.78
덕유산,2024년 12월,9.44,15.19
덕유산,2025년 01월,13.29,21.38
덕유산,2025년 02월,8.37,13.46
덕유산,2025년 03월,2.59,4.16
덕유산,2025년 04월,2.84,4.56
덕유산,2025년 05월,3.65,5.88
덕유산,2025년 06월,3.03,4.88
덕유산,2025년 07월,3.49,5.61
덕유산,2025년 08월,3.46,5.57
덕유산,2025년 09월,2.36,3.8
덕유산,2025년 10월,3.0,4.83
덕유산,2025년 11월,3.18,5.12
덕유산,2025년 12월,5.43,8.74
덕유산,2026년 01월,6.33,10.18
덕유산,2026년 02월,3.32,5.34
덕유산,2026년 03월,1.61,2.59
덕유산,2026년 04월,1.65,2.65
덕유산,2026년 05월,2.98,4.79
덕유산,2026년 06월,3.33,5.36
덕유산,2026년 07월,4.33,6.96
덕유산,2026년 08월,4.54,7.3
무등산,2016년 01월,16.64,16.64
무등산,2016년 02월,6.32,6.32
무등산,2016년 03월,6.2,6.2
무등산,2016년 04월,8.45,8.45
무등산,2016년 05월,7.36,7.36
무등산,2016년 06월,5.15,5.15
무등산,2016년 07월,3.9,3.9
무등산,2016년 08월,4.19,4.19
무등산,2016년 09월,4.55,4.55
무등산,2016년 10월,8.34,8.34
무등산,2016년 11월,6.29,6.29
무등산,2016년 12월,4.17,4.17
무등산,2017년 01월,7.44,7.44
무등산,2017년 02월,10.63,10.63
무등산,2017년 03월,5.34,5.34
무등산,2017년 04월,5.45,5.45
무등산,2017년 05월,6.02,6.02
무등산,2017년 06월,3.67,3.67
무등산,2017년 07월,3.24,3.24
무등산,2017년 08월,3.97,3.97
무등산,2017년 09월,5.98,5.98
무등산,2017년 10월,9.34,9.34
무등산,2017년 11월,6.46,6.46
무등산,2017년 12월,6.71,6.71
무등산,2018년 01월,16.46,16.46
무등산,2018년 02월,11.68,11.68
무등산,2018년 03월,6.45,6.45
무등산,2018년 04월,7.53,7.53
무등산,2018년 05월,8.03,8.03
무등산,2018년 06월,4.94,4.94
무등산,2018년 07월,3.19,3.19
무등산,2018년 08월,3.46,3.46
무등산,2018년 09월,3.97,3.97
무등산,2018년 10월,9.84,9.84
무등산,2018년 11월,7.6,7.6
무등산,2018년 12월,5.91,5.91
무등산,2019년 01월,5.03,5.03
무등산,2019년 02월,3.87,3.87
무등산,2019년 03월,3.68,3.68
무등산,2019년 04월,5.32,5.32
무등산,2019년 05월,6.46,6.46
무등산,2019년 06월,3.94,3.94
무등산,2019년 07월,3.84,3.84
무등산,2019년 08월,4.17,4.17
무등산,2019년 09월,4.22,4.22
무등산,2019년 10월,10.92,10.92
무등산,2019년 11월,8.24,8.24
무등산,2019년 12월,4.82,4.82
무등산,2020년 01월,4.81,4.81
무등산,2020년 02월,5.17,5.17
무등산,2020년 03월,4.54,4.54
무등산,2020년 04월,5.45,5.45
무등산,2020년 05월,4.7,4.7
무등산,2020년 06월,4.15,4.15
무등산,2020년 07월,3.65,3.65
무등산,2020년 08월,5.62,5.62
무등산,2020년 09월,4.55,4.55
무등산,2020년 10월,5.88,5.88
무등산,2020년 11월,5.64,5.64
무등산,2020년 12월,14.65,14.65
무등산,2021년 01월,24.4,24.4
무등산,2021년 02월,7.66,7.66
무등산,2021년 03월,4.69,4.69
무등산,2021년 04월,5.82,5.82
무등산,2021년 05월,5.65,5.65
무등산,2021년 06월,4.92,4.92
무등산,2021년 07월,4.13,4.13
무등산,2021년 08월,4.59,4.59
무등산,2021년 09월,4.97,4.97
무등산,2021년 10월,6.66,6.66
무등산,2021년 11월,5.7,5.7
무등산,2021년 12월,8.32,8.32
무등산,2022년 01월,5.36,5.36
무등산,2022년 02월,5.77,5.77
무등산,2022년 03월,3.7,3.7
무등산,2022년 04월,5.03,5.03
무등산,2022년 05월,5.15,5.15
무등산,2022년 06월,4.56,4.56
무등산,2022년 07월,4.1,4.1
무등산,2022년 08월,4.65,4.65
무등산,2022년 09월,7.08,7.08
무등산,2022년 10월,7.98,7.98
무등산,2022년 11월,5.31,5.31
무등산,2022년 12월,12.91,12.91
무등산,2023년 01월,6.07,6.07
무등산,2023년 02월,4.21,4.21
무등산,2023년 03월,5.06,5.06
무등산,2023년 04월,4.41,4.41
무등산,2023년 05월,4.61,4.61
무등산,2023년 06월,4.28,4.28
무등산,2023년 07월,4.6,4.6
무등산,2023년 08월,5.34,5.34
무등산,2023년 09월,4.74,4.74
무등산,2023년 10월,5.29,5.29
무등산,2023년 11월,4.74,4.74
무등산,2023년 12월,8.15,8.15
무등산,2024년 01월,5.63,5.63
무등산,2024년 02월,2.92,2.92
무등산,2024년 03월,2.82,2.82
무등산,2024년 04월,3.42,3.42
무등산,2024년 05월,3.76,3.76
무등산,2024년 06월,3.31,3.31
무등산,2024년 07월,2.85,2.85
무등산,2024년 08월,2.43,2.43
무등산,2024년 09월,2.99,2.99
무등산,2024년 10월,3.26,3.26
무등산,2024년 11월,3.26,3.26
무등산,2024년 12월,3.75,3.75
무등산,2025년 01월,5.35,5.35
무등산,2025년 02월,5.55,5.55
무등산,2025년 03월,2.59,2.59
무등산,2025년 04월,2.96,2.96
무등산,2025년 05월,3.47,3.47
무등산,2025년 06월,3.34,3.34
무등산,2025년 07월,3.65,3.65
무등산,2025년 08월,3.33,3.33
무등산,2025년 09월,3.02,3.02
무등산,2025년 10월,4.49,4.49
무등산,2025년 11월,4.4,4.4
무등산,2025년 12월,4.41,4.41
무등산,2026년 01월,6.47,6.47
무등산,2026년 02월,4.63,4.63
무등산,2026년 03월,2.94,2.94
무등산,2026년 04월,3.13,3.13
무등산,2026년 05월,3.15,3.15
무등산,2026년 06월,2.46,2.46
무등산,2026년 07월,2.76,2.76
무등산,2026년 08월,2.77,2.77
변산반도,2016년 01월,5.32,5.32
변산반도,2016년 02월,6.12,6.12
변산반도,2016년 03월,7.5,7.5
변산반도,2016년 04월,9.44,9.44
변산반도,2016년 05월,15.46,15.46
변산반도,2016년 06월,11.27,11.27
변산반도,2016년 07월,10.08,10.08
변산반도,2016년 08월,8.02,8.02
변산반도,2016년 09월,4.45,4.45
변산반도,2016년 10월,6.87,6.87
변산반도,2016년 11월,7.05,7.05
변산반도,2016년 12월,5.9,5.9
변산반도,2017년 01월,5.75,5.75
변산반도,2017년 02월,7.62,7.62
변산반도,2017년 03월,9.7,9.7
변산반도,2017년 04월,10.78,10.78
변산반도,2017년 05월,10.76,10.76
변산반도,2017년 06월,5.68,5.68
변산반도,2017년 07월,6.65,6.65
변산반도,2017년 08월,7.77,7.77
변산반도,2017년 09월,7.09,7.09
변산반도,2017년 10월,9.01,9.01
변산반도,2017년 11월,5.4,5.4
변산반도,2017년 12월,5.48,5.48
변산반도,2018년 01월,3.96,3.96
변산반도,2018년 02월,4.24,4.24
변산반도,2018년 03월,7.08,7.08
변산반도,2018년 04월,7.88,7.88
변산반도,2018년 05월,9.16,9.16
변산반도,2018년 06월,7.73,7.73
변산반도,2018년 07월,8.37,8.37
변산반도,2018년 08월,7.91,7.91
변산반도,2018년 09월,6.07,6.07
변산반도,2018년 10월,8.59,8.59
변산반도,2018년 11월,7.47,7.47
변산반도,2018년 12월,6.81,6.81
변산반도,2019년 01월,5.44,5.44
변산반도,2019년 02월,8.58,8.58
변산반도,2019년 03월,8.06,8.06
변산반도,2019년 04월,9.82,9.82
변산반도,2019년 05월,10.29,10.29
변산반도,2019년 06월,10.17,10.17
변산반도,2019년 07월,11.88,11.88
변산반도,2019년 08월,11.57,11.57
변산반도,2019년 09월,7.0,7.0
변산반도,2019년 10월,9.79,9.79
변산반도,2019년 11월,7.31,7.31
변산반도,2019년 12월,6.23,6.23
변산반도,2020년 01월,5.63,5.63
변산반도,2020년 02월,4.15,4.15
변산반도,2020년 03월,6.42,6.42
변산반도,2020년 04월,8.84,8.84
변산반도,2020년 05월,9.36,9.36
변산반도,2020년 06월,8.6,8.6
변산반도,2020년 07월,11.61,11.61
변산반도,2020년 08월,11.12,11.12
변산반도,2020년 09월,8.34,8.34
변산반도,2020년 10월,10.48,10.48
변산반도,2020년 11월,8.11,8.11
변산반도,2020년 12월,7.2,7.2
변산반도,2021년 01월,11.03,11.03
변산반도,2021년 02월,11.31,11.31
변산반도,2021년 03월,6.57,6.57
변산반도,2021년 04월,13.92,13.92
변산반도,2021년 05월,15.15,15.15
변산반도,2021년 06월,14.27,14.27
변산반도,2021년 07월,10.95,10.95
변산반도,2021년 08월,12.1,12.1
변산반도,2021년 09월,10.0,10.0
변산반도,2021년 10월,11.34,11.34
변산반도,2021년 11월,8.34,8.34
변산반도,2021년 12월,5.55,5.55
변산반도,2022년 01월,6.0,6.0
변산반도,2022년 02월,6.19,6.19
변산반도,2022년 03월,5.73,5.73
변산반도,2022년 04월,7.89,7.89
변산반도,2022년 05월,12.14,12.14
변산반도,2022년 06월,11.25,11.25
변산반도,2022년 07월,9.72,9.72
변산반도,2022년 08월,9.65,9.65
변산반도,2022년 09월,7.91,7.91
변산반도,2022년 10월,9.17,9.17
변산반도,2022년 11월,6.91,6.91
변산반도,2022년 12월,4.24,4.24
변산반도,2023년 01월,4.19,4.19
변산반도,2023년 02월,5.25,5.25
변산반도,2023년 03월,6.39,6.39
변산반도,2023년 04월,7.52,7.52
변산반도,2023년 05월,8.53,8.53
변산반도,2023년 06월,7.48,7.48
변산반도,2023년 07월,6.38,6.38
변산반도,2023년 08월,7.46,7.46
변산반도,2023년 09월,6.53,6.53
변산반도,2023년 10월,12.69,12.69
변산반도,2023년 11월,6.36,6.36
변산반도,2023년 12월,4.62,4.62
변산반도,2024년 01월,4.08,4.08
변산반도,2024년 02월,4.86,4.86
변산반도,2024년 03월,6.24,6.24
변산반도,2024년 04월,7.54,7.54
변산반도,2024년 05월,7.72,7.72
변산반도,2024년 06월,7.86,7.86
변산반도,2024년 07월,6.51,6.51
변산반도,2024년 08월,7.56,7.56
변산반도,2024년 09월,7.12,7.12
변산반도,2024년 10월,7.73,7.73
변산반도,2024년 11월,6.79,6.79
변산반도,2024년 12월,4.59,4.59
변산반도,2025년 01월,5.11,5.11
변산반도,2025년 02월,5.18,5.18
변산반도,2025년 03월,6.65,6.65
변산반도,2025년 04월,8.03,8.03
변산반도,2025년 05월,9.21,9.21
변산반도,2025년 06월,7.79,7.79
변산반도,2025년 07월,5.91,5.91
변산반도,2025년 08월,7.32,7.32
변산반도,2025년 09월,5.75,5.75
변산반도,2025년 10월,7.2,7.2
변산반도,2025년 11월,5.92,5.92
변산반도,2025년 12월,4.5,4.5
변산반도,2026년 01월,4.41,4.41
변산반도,2026년 02월,5.23,5.23
변산반도,2026년 03월,5.91,5.91
변산반도,2026년 04월,7.94,7.94
변산반도,2026년 05월,9.17,9.17
변산반도,2026년 06월,8.0,8.0
변산반도,2026년 07월,6.19,6.19
변산반도,2026년 08월,6.17,6.17
북한산,2016년 01월,10.24,10.24
북한산,2016년 02월,8.61,8.61
북한산,2016년 03월,12.18,12.18
북한산,2016년 04월,12.37,12.37
북한산,2016년 05월,15.23,15.23
북한산,2016년 06월,12.23,12.23
북한산,2016년 07월,8.63,8.63
북한산,2016년 08월,9.21,9.21
북한산,2016년 09월,15.18,15.18
북한산,2016년 10월,24.35,24.35
북한산,2016년 11월,15.54,15.54
북한산,2016년 12월,7.44,7.44
북한산,2017년 01월,7.07,7.07
북한산,2017년 02월,8.61,8.61
북한산,2017년 03월,13.1,13.1
북한산,2017년 04월,13.42,13.42
북한산,2017년 05월,14.91,14.91
북한산,2017년 06월,10.51,10.51
북한산,2017년 07월,8.87,8.87
북한산,2017년 08월,9.69,9.69
북한산,2017년 09월,15.92,15.92
북한산,2017년 10월,26.78,26.78
북한산,2017년 11월,11.9,11.9
북한산,2017년 12월,9.01,9.01
북한산,2018년 01월,10.62,10.62
북한산,2018년 02월,7.4,7.4
북한산,2018년 03월,11.64,11.64
북한산,2018년 04월,13.41,13.41
북한산,2018년 05월,18.19,18.19
북한산,2018년 06월,12.48,12.48
북한산,2018년 07월,9.17,9.17
북한산,2018년 08월,9.75,9.75
북한산,2018년 09월,14.14,14.14
북한산,2018년 10월,15.31,15.31
북한산,2018년 11월,9.18,9.18
북한산,2018년 12월,5.99,5.99
북한산,2019년 01월,6.28,6.28
북한산,2019년 02월,6.4,6.4
북한산,2019년 03월,8.46,8.46
북한산,2019년 04월,9.58,9.58
북한산,2019년 05월,10.79,10.79
북한산,2019년 06월,8.53,8.53
북한산,2019년 07월,7.87,7.87
북한산,2019년 08월,9.29,9.29
북한산,2019년 09월,15.29,15.29
북한산,2019년 10월,20.29,20.29
북한산,2019년 11월,10.79,10.79
북한산,2019년 12월,6.91,6.91
북한산,2020년 01월,6.57,6.57
북한산,2020년 02월,6.61,6.61
북한산,2020년 03월,12.48,12.48
북한산,2020년 04월,14.31,14.31
북한산,2020년 05월,13.91,13.91
북한산,2020년 06월,12.02,12.02
북한산,2020년 07월,10.48,10.48
북한산,2020년 08월,24.26,24.26
북한산,2020년 09월,18.74,18.74
북한산,2020년 10월,16.95,16.95
북한산,2020년 11월,9.25,9.25
북한산,2020년 12월,18.06,18.06
북한산,2021년 01월,18.13,18.13
북한산,2021년 02월,11.97,11.97
북한산,2021년 03월,11.23,11.23
북한산,2021년 04월,11.96,11.96
북한산,2021년 05월,13.04,13.04
북한산,2021년 06월,12.59,12.59
북한산,2021년 07월,9.9,9.9
북한산,2021년 08월,10.42,10.42
북한산,2021년 09월,12.13,12.13
북한산,2021년 10월,19.05,19.05
북한산,2021년 11월,11.36,11.36
북한산,2021년 12월,9.57,9.57
북한산,2022년 01월,8.02,8.02
북한산,2022년 02월,8.48,8.48
북한산,2022년 03월,10.33,10.33
북한산,2022년 04월,12.24,12.24
북한산,2022년 05월,12.05,12.05
북한산,2022년 06월,10.63,10.63
북한산,2022년 07월,9.98,9.98
북한산,2022년 08월,11.89,11.89
북한산,2022년 09월,13.68,13.68
북한산,2022년 10월,14.08,14.08
북한산,2022년 11월,8.73,8.73
북한산,2022년 12월,6.68,6.68
북한산,2023년 01월,5.42,5.42
북한산,2023년 02월,6.57,6.57
북한산,2023년 03월,9.51,9.51
북한산,2023년 04월,8.32,8.32
북한산,2023년 05월,8.43,8.43
북한산,2023년 06월,7.7,7.7
북한산,2023년 07월,7.27,7.27
북한산,2023년 08월,7.91,7.91
북한산,2023년 09월,9.48,9.48
북한산,2023년 10월,12.72,12.72
북한산,2023년 11월,7.07,7.07
북한산,2023년 12월,6.25,6.25
북한산,2024년 01월,4.43,4.43
북한산,2024년 02월,6.79,6.79
북한산,2024년 03월,6.76,6.76
북한산,2024년 04월,7.45,7.45
북한산,2024년 05월,9.44,9.44
북한산,2024년 06월,7.91,7.91
북한산,2024년 07월,7.23,7.23
북한산,2024년 08월,7.28,7.28
북한산,2024년 09월,9.4,9.4
북한산,2024년 10월,10.85,10.85
북한산,2024년 11월,10.65,10.65
북한산,2024년 12월,4.72,4.72
북한산,2025년 01월,7.47,7.47
북한산,2025년 02월,5.19,5.19
북한산,2025년 03월,6.17,6.17
북한산,2025년 04월,5.65,5.65
북한산,2025년 05월,6.76,6.76
북한산,2025년 06월,6.61,6.61
북한산,2025년 07월,8.16,8.16
북한산,2025년 08월,9.12,9.12
북한산,2025년 09월,9.21,9.21
북한산,2025년 10월,9.15,9.15
북한산,2025년 11월,8.19,8.19
북한산,2025년 12월,5.52,5.52
북한산,2026년 01월,4.56,4.56
북한산,2026년 02월,4.94,4.94
북한산,2026년 03월,6.73,6.73
북한산,2026년 04월,6.62,6.62
북한산,2026년 05월,7.52,7.52
북한산,2026년 06월,5.41,5.41
북한산,2026년 07월,9.8,9.8
북한산,2026년 08월,4.99,4.99
설악산,2016년 01월,10.47,22.72
설악산,2016년 02월,9.99,21.67
설악산,2016년 03월,6.93,15.04
설악산,2016년 04월,8.81,19.13
설악산,2016년 05월,14.92,32.38
설악산,2016년 06월,11.64,25.26
설악산,2016년 07월,14.96,32.46
설악산,2016년 08월,13.63,29.59
설악산,2016년 09월,20.25,43.96
설악산,2016년 10월,20.79,45.13
설악산,2016년 11월,7.49,16.26
설악산,2016년 12월,11.42,24.79
설악산,2017년 01월,13.16,28.57
설악산,2017년 02월,10.92,23.71
설악산,2017년 03월,6.6,14.32
설악산,2017년 04월,9.61,20.85
설악산,2017년 05월,12.78,27.74
설악산,2017년 06월,9.37,20.33
설악산,2017년 07월,13.38,29.03
설악산,2017년 08월,15.61,33.88
설악산,2017년 09월,16.92,36.73
설악산,2017년 10월,22.43,48.69
설악산,2017년 11월,7.17,15.55
설악산,2017년 12월,6.65,14.44
설악산,2018년 01월,6.29,13.66
설악산,2018년 02월,6.4,13.9
설악산,2018년 03월,7.71,16.73
설악산,2018년 04월,9.16,19.88
설악산,2018년 05월,12.61,27.36
설악산,2018년 06월,9.33,20.26
설악산,2018년 07월,10.39,22.55
설악산,2018년 08월,13.14,28.52
설악산,2018년 09월,15.62,33.91
설악산,2018년 10월,23.97,52.03
설악산,2018년 11월,6.18,13.42
설악산,2018년 12월,6.09,13.22
설악산,2019년 01월,6.39,13.87
설악산,2019년 02월,8.28,17.97
설악산,2019년 03월,6.02,13.07
설악산,2019년 04월,6.92,15.03
설악산,2019년 05월,11.19,24.29
설악산,2019년 06월,10.19,22.11
설악산,2019년 07월,12.91,28.01
설악산,2019년 08월,14.37,31.18
설악산,2019년 09월,14.58,31.65
설악산,2019년 10월,21.76,47.21
설악산,2019년 11월,8.53,18.5
설악산,2019년 12월,9.36,20.31
설악산,2020년 01월,14.65,31.78
설악산,2020년 02월,11.89,25.79
설악산,2020년 03월,8.84,19.19
설악산,2020년 04월,11.76,25.52
설악산,2020년 05월,14.08,30.56
설악산,2020년 06월,10.53,22.86
설악산,2020년 07월,15.11,32.79
설악산,2020년 08월,23.77,51.58
설악산,2020년 09월,38.38,83.31
설악산,2020년 10월,43.07,93.48
설악산,2020년 11월,10.68,23.17
설악산,2020년 12월,13.92,30.21
설악산,2021년 01월,11.01,23.9
설악산,2021년 02월,10.5,22.78
설악산,2021년 03월,10.5,22.78
설악산,2021년 04월,11.22,24.34
설악산,2021년 05월,15.86,34.42
설악산,2021년 06월,12.14,26.34
설악산,2021년 07월,10.78,23.39
설악산,2021년 08월,13.88,30.11
설악산,2021년 09월,15.89,34.48
설악산,2021년 10월,24.93,54.1
설악산,2021년 11월,11.4,24.74
설악산,2021년 12월,11.7,25.39
설악산,2022년 01월,11.36,24.66
설악산,2022년 02월,11.73,25.47
설악산,2022년 03월,8.19,17.77
설악산,2022년 04월,10.37,22.51
설악산,2022년 05월,17.06,37.02
설악산,2022년 06월,15.07,32.7
설악산,2022년 07월,13.24,28.74
설악산,2022년 08월,18.58,40.33
설악산,2022년 09월,21.97,47.68
설악산,2022년 10월,29.57,64.19
설악산,2022년 11월,9.55,20.73
설악산,2022년 12월,9.43,20.46
설악산,2023년 01월,12.61,27.36
설악산,2023년 02월,13.66,29.64
설악산,2023년 03월,8.91,19.33
설악산,2023년 04월,10.39,22.55
설악산,2023년 05월,14.57,31.61
설악산,2023년 06월,11.64,25.27
설악산,2023년 07월,10.66,23.13
설악산,2023년 08월,13.81,29.97
설악산,2023년 09월,16.31,35.4
설악산,2023년 10월,18.37,39.86
설악산,2023년 11월,9.07,19.69
설악산,2023년 12월,16.06,34.85
설악산,2024년 01월,17.27,37.48
설악산,2024년 02월,26.68,57.9
설악산,2024년 03월,10.71,23.25
설악산,2024년 04월,10.18,22.08
설악산,2024년 05월,17.61,38.21
설악산,2024년 06월,10.02,21.75
설악산,2024년 07월,10.68,23.18
설악산,2024년 08월,10.12,21.96
설악산,2024년 09월,13.28,28.81
설악산,2024년 10월,21.06,45.7
설악산,2024년 11월,10.55,22.9
설악산,2024년 12월,8.68,18.84
설악산,2025년 01월,12.37,26.85
설악산,2025년 02월,10.35,22.47
설악산,2025년 03월,8.73,18.94
설악산,2025년 04월,8.56,18.58
설악산,2025년 05월,12.14,26.35
설악산,2025년 06월,8.92,19.37
설악산,2025년 07월,9.37,20.33
설악산,2025년 08월,10.69,23.2
설악산,2025년 09월,10.45,22.68
설악산,2025년 10월,17.2,37.34
설악산,2025년 11월,9.08,19.7
설악산,2025년 12월,7.12,15.45
설악산,2026년 01월,7.39,16.04
설악산,2026년 02월,7.57,16.44
설악산,2026년 03월,7.64,16.58
설악산,2026년 04월,8.3,18.01
설악산,2026년 05월,11.0,23.88
설악산,2026년 06월,9.03,19.59
설악산,2026년 07월,8.23,17.86
설악산,2026년 08월,9.29,20.17
소백산,2016년 01월,17.69,17.69
소백산,2016년 02월,10.67,10.67
소백산,2016년 03월,6.84,6.84
소백산,2016년 04월,9.45,9.45
소백산,2016년 05월,15.8,15.8
소백산,2016년 06월,11.64,11.64
소백산,2016년 07월,17.29,17.29
소백산,2016년 08월,17.32,17.32
소백산,2016년 09월,10.35,10.35
소백산,2016년 10월,12.32,12.32
소백산,2016년 11월,9.03,9.03
소백산,2016년 12월,12.28,12.28
소백산,2017년 01월,21.15,21.15
소백산,2017년 02월,11.16,11.16
소백산,2017년 03월,6.66,6.66
소백산,2017년 04월,9.03,9.03
소백산,2017년 05월,16.71,16.71
소백산,2017년 06월,12.27,12.27
소백산,2017년 07월,13.34,13.34
소백산,2017년 08월,14.24,14.24
소백산,2017년 09월,9.19,9.19
소백산,2017년 10월,14.03,14.03
소백산,2017년 11월,9.29,9.29
소백산,2017년 12월,12.27,12.27
소백산,2018년 01월,13.04,13.04
소백산,2018년 02월,8.96,8.96
소백산,2018년 03월,10.37,10.37
소백산,2018년 04월,6.99,6.99
소백산,2018년 05월,12.06,12.06
소백산,2018년 06월,6.25,6.25
소백산,2018년 07월,9.53,9.53
소백산,2018년 08월,6.44,6.44
소백산,2018년 09월,7.03,7.03
소백산,2018년 10월,12.87,12.87
소백산,2018년 11월,11.92,11.92
소백산,2018년 12월,7.72,7.72
소백산,2019년 01월,9.38,9.38
소백산,2019년 02월,9.76,9.76
소백산,2019년 03월,5.75,5.75
소백산,2019년 04월,5.95,5.95
소백산,2019년 05월,14.71,14.71
소백산,2019년 06월,7.72,7.72
소백산,2019년 07월,7.37,7.37
소백산,2019년 08월,7.94,7.94
소백산,2019년 09월,8.04,8.04
소백산,2019년 10월,10.71,10.71
소백산,2019년 11월,7.75,7.75
소백산,2019년 12월,11.82,11.82
소백산,2020년 01월,19.15,19.15
소백산,2020년 02월,12.13,12.13
소백산,2020년 03월,5.97,5.97
소백산,2020년 04월,12.04,12.04
소백산,2020년 05월,14.69,14.69
소백산,2020년 06월,11.03,11.03
소백산,2020년 07월,9.57,9.57
소백산,2020년 08월,9.8,9.8
소백산,2020년 09월,9.62,9.62
소백산,2020년 10월,18.63,18.63
소백산,2020년 11월,9.18,9.18
소백산,2020년 12월,18.16,18.16
소백산,2021년 01월,22.96,22.96
소백산,2021년 02월,13.57,13.57
소백산,2021년 03월,9.18,9.18
소백산,2021년 04월,12.24,12.24
소백산,2021년 05월,18.95,18.95
소백산,2021년 06월,9.66,9.66
소백산,2021년 07월,14.2,14.2
소백산,2021년 08월,9.81,9.81
소백산,2021년 09월,9.07,9.07
소백산,2021년 10월,12.17,12.17
소백산,2021년 11월,9.35,9.35
소백산,2021년 12월,10.35,10.35
소백산,2022년 01월,9.75,9.75
소백산,2022년 02월,9.92,9.92
소백산,2022년 03월,7.38,7.38
소백산,2022년 04월,8.09,8.09
소백산,2022년 05월,13.35,13.35
소백산,2022년 06월,9.36,9.36
소백산,2022년 07월,7.86,7.86
소백산,2022년 08월,8.82,8.82
소백산,2022년 09월,8.32,8.32
소백산,2022년 10월,10.36,10.36
소백산,2022년 11월,5.92,5.92
소백산,2022년 12월,11.07,11.07
소백산,2023년 01월,14.24,14.24
소백산,2023년 02월,7.1,7.1
소백산,2023년 03월,5.61,5.61
소백산,2023년 04월,6.85,6.85
소백산,2023년 05월,12.53,12.53
소백산,2023년 06월,8.6,8.6
소백산,2023년 07월,6.96,6.96
소백산,2023년 08월,6.73,6.73
소백산,2023년 09월,5.66,5.66
소백산,2023년 10월,7.79,7.79
소백산,2023년 11월,6.26,6.26
소백산,2023년 12월,9.13,9.13
소백산,2024년 01월,10.34,10.34
소백산,2024년 02월,10.12,10.12
소백산,2024년 03월,6.59,6.59
소백산,2024년 04월,6.72,6.72
소백산,2024년 05월,11.42,11.42
소백산,2024년 06월,7.12,7.12
소백산,2024년 07월,5.59,5.59
소백산,2024년 08월,5.13,5.13
소백산,2024년 09월,6.83,6.83
소백산,2024년 10월,7.9,7.9
소백산,2024년 11월,6.72,6.72
소백산,2024년 12월,8.15,8.15
소백산,2025년 01월,10.46,10.46
소백산,2025년 02월,8.15,8.15
소백산,2025년 03월,6.17,6.17
소백산,2025년 04월,7.03,7.03
소백산,2025년 05월,9.47,9.47
소백산,2025년 06월,5.68,5.68
소백산,2025년 07월,4.99,4.99
소백산,2025년 08월,5.22,5.22
소백산,2025년 09월,4.37,4.37
소백산,2025년 10월,5.98,5.98
소백산,2025년 11월,5.31,5.31
소백산,2025년 12월,6.91,6.91
소백산,2026년 01월,9.5,9.5
소백산,2026년 02월,5.29,5.29
소백산,2026년 03월,5.09,5.09
소백산,2026년 04월,5.55,5.55
소백산,2026년 05월,11.11,11.11
소백산,2026년 06월,6.0,6.0
소백산,2026년 07월,4.88,4.88
소백산,2026년 08월,5.71,5.71
속리산,2016년 01월,2.13,4.62
속리산,2016년 02월,2.14,4.64
속리산,2016년 03월,2.56,5.56
속리산,2016년 04월,2.93,6.36
속리산,2016년 05월,3.51,7.62
속리산,2016년 06월,2.8,6.07
속리산,2016년 07월,2.43,5.28
속리산,2016년 08월,2.71,5.87
속리산,2016년 09월,2.79,6.06
속리산,2016년 10월,4.81,10.44
속리산,2016년 11월,2.6,5.64
속리산,2016년 12월,1.9,4.13
속리산,2017년 01월,1.64,3.57
속리산,2017년 02월,1.45,3.15
속리산,2017년 03월,2.33,5.05
속리산,2017년 04월,5.84,12.67
속리산,2017년 05월,7.94,17.24
속리산,2017년 06월,4.83,10.48
속리산,2017년 07월,3.3,7.16
속리산,2017년 08월,2.97,6.44
속리산,2017년 09월,2.38,5.16
속리산,2017년 10월,3.81,8.28
속리산,2017년 11월,1.9,4.13
속리산,2017년 12월,0.76,1.65
속리산,2018년 01월,0.93,2.02
속리산,2018년 02월,0.96,2.09
속리산,2018년 03월,1.55,3.37
속리산,2018년 04월,1.55,3.36
속리산,2018년 05월,1.88,4.08
속리산,2018년 06월,1.46,3.17
속리산,2018년 07월,1.75,3.79
속리산,2018년 08월,1.91,4.15
속리산,2018년 09월,1.6,3.48
속리산,2018년 10월,3.41,7.41
속리산,2018년 11월,1.8,3.91
속리산,2018년 12월,0.96,2.08
속리산,2019년 01월,0.96,2.09
속리산,2019년 02월,1.03,2.24
속리산,2019년 03월,1.3,2.82
속리산,2019년 04월,1.36,2.96
속리산,2019년 05월,1.78,3.87
속리산,2019년 06월,1.68,3.64
속리산,2019년 07월,1.62,3.51
속리산,2019년 08월,1.96,4.26
속리산,2019년 09월,1.83,3.97
속리산,2019년 10월,3.83,8.31
속리산,2019년 11월,2.22,4.82
속리산,2019년 12월,0.95,2.05
속리산,2020년 01월,0.84,1.82
속리산,2020년 02월,0.92,1.99
속리산,2020년 03월,2.1,4.56
속리산,2020년 04월,2.4,5.22
속리산,2020년 05월,2.13,4.62
속리산,2020년 06월,1.95,4.23
속리산,2020년 07월,2.34,5.07
속리산,2020년 08월,2.71,5.89
속리산,2020년 09월,2.5,5.42
속리산,2020년 10월,4.19,9.08
속리산,2020년 11월,2.64,5.73
속리산,2020년 12월,2.35,5.09
속리산,2021년 01월,2.32,5.03
속리산,2021년 02월,1.75,3.8
속리산,2021년 03월,1.91,4.15
속리산,2021년 04월,2.38,5.16
속리산,2021년 05월,2.41,5.24
속리산,2021년 06월,4.37,9.47
속리산,2021년 07월,3.07,6.66
속리산,2021년 08월,3.49,7.58
속리산,2021년 09월,2.78,6.03
속리산,2021년 10월,4.43,9.61
속리산,2021년 11월,2.6,5.65
속리산,2021년 12월,1.41,3.06
속리산,2022년 01월,1.18,2.55
속리산,2022년 02월,1.38,2.99
속리산,2022년 03월,1.6,3.48
속리산,2022년 04월,1.99,4.32
속리산,2022년 05월,2.41,5.22
속리산,2022년 06월,2.41,5.23
속리산,2022년 07월,2.64,5.72
속리산,2022년 08월,3.01,6.53
속리산,2022년 09월,2.54,5.52
속리산,2022년 10월,2.93,6.35
속리산,2022년 11월,1.69,3.66
속리산,2022년 12월,0.96,2.08
속리산,2023년 01월,0.91,1.98
속리산,2023년 02월,1.24,2.68
속리산,2023년 03월,1.78,3.86
속리산,2023년 04월,1.77,3.83
속리산,2023년 05월,1.94,4.2
속리산,2023년 06월,1.92,4.17
속리산,2023년 07월,2.98,6.47
속리산,2023년 08월,3.22,6.99
속리산,2023년 09월,1.93,4.2
속리산,2023년 10월,3.09,6.71
속리산,2023년 11월,1.64,3.55
속리산,2023년 12월,0.97,2.1
속리산,2024년 01월,0.91,1.97
속리산,2024년 02월,1.71,3.72
속리산,2024년 03월,2.04,4.42
속리산,2024년 04월,1.96,4.26
속리산,2024년 05월,2.15,4.67
속리산,2024년 06월,1.82,3.95
속리산,2024년 07월,1.86,4.03
속리산,2024년 08월,1.8,3.9
속리산,2024년 09월,1.71,3.72
속리산,2024년 10월,1.94,4.21
속리산,2024년 11월,1.77,3.85
속리산,2024년 12월,0.83,1.8
속리산,2025년 01월,0.92,2.01
속리산,2025년 02월,1.05,2.28
속리산,2025년 03월,1.27,2.76
속리산,2025년 04월,1.7,3.7
속리산,2025년 05월,1.7,3.7
속리산,2025년 06월,1.62,3.51
속리산,2025년 07월,1.69,3.67
속리산,2025년 08월,1.52,3.29
속리산,2025년 09월,1.15,2.49
속리산,2025년 10월,2.09,4.54
속리산,2025년 11월,1.85,4.02
속리산,2025년 12월,0.72,1.56
속리산,2026년 01월,0.69,1.51
속리산,2026년 02월,0.88,1.9
속리산,2026년 03월,1.12,2.43
속리산,2026년 04월,1.18,2.57
속리산,2026년 05월,1.36,2.95
속리산,2026년 06월,1.41,3.06
속리산,2026년 07월,1.73,3.75
속리산,2026년 08월,1.33,2.89
오대산,2016년 01월,4.1,6.6
오대산,2016년 02월,3.02,4.86
오대산,2016년 03월,2.41,3.88
오대산,2016년 04월,3.76,6.05
오대산,2016년 05월,6.14,9.87
오대산,2016년 06월,4.13,6.64
오대산,2016년 07월,4.07,6.55
오대산,2016년 08월,4.37,7.02
오대산,2016년 09월,4.15,6.68
오대산,2016년 10월,6.88,11.06
오대산,2016년 11월,3.77,6.07
오대산,2016년 12월,4.71,7.57
오대산,2017년 01월,8.3,13.35
오대산,2017년 02월,6.04,9.72
오대산,2017년 03월,3.9,6.28
오대산,2017년 04월,4.81,7.73
오대산,2017년 05월,5.52,8.88
오대산,2017년 06월,4.3,6.91
오대산,2017년 07월,5.59,9.0
오대산,2017년 08월,7.15,11.5
오대산,2017년 09월,5.41,8.7
오대산,2017년 10월,11.74,18.88
오대산,2017년 11월,2.94,4.74
오대산,2017년 12월,2.62,4.22
오대산,2018년 01월,3.04,4.89
오대산,2018년 02월,2.7,4.34
오대산,2018년 03월,3.34,5.38
오대산,2018년 04월,2.95,4.74
오대산,2018년 05월,3.5,5.62
오대산,2018년 06월,3.5,5.64
오대산,2018년 07월,6.28,10.09
오대산,2018년 08월,5.52,8.88
오대산,2018년 09월,5.17,8.32
오대산,2018년 10월,12.04,19.36
오대산,2018년 11월,3.23,5.2
오대산,2018년 12월,2.62,4.21
오대산,2019년 01월,2.86,4.6
오대산,2019년 02월,3.3,5.3
오대산,2019년 03월,2.46,3.95
오대산,2019년 04월,2.73,4.39
오대산,2019년 05월,4.02,6.47
오대산,2019년 06월,3.8,6.11
오대산,2019년 07월,6.11,9.83
오대산,2019년 08월,7.02,11.29
오대산,2019년 09월,5.04,8.1
오대산,2019년 10월,10.31,16.58
오대산,2019년 11월,5.05,8.12
오대산,2019년 12월,3.21,5.17
오대산,2020년 01월,3.76,6.04
오대산,2020년 02월,4.16,6.7
오대산,2020년 03월,3.38,5.44
오대산,2020년 04월,4.18,6.72
오대산,2020년 05월,4.5,7.23
오대산,2020년 06월,3.79,6.09
오대산,2020년 07월,5.35,8.6
오대산,2020년 08월,7.47,12.01
오대산,2020년 09월,11.03,17.74
오대산,2020년 10월,18.07,29.07
오대산,2020년 11월,6.7,10.78
오대산,2020년 12월,5.76,9.26
오대산,2021년 01월,7.28,11.71
오대산,2021년 02월,4.56,7.33
오대산,2021년 03월,4.05,6.51
오대산,2021년 04월,4.64,7.46
오대산,2021년 05월,5.91,9.51
오대산,2021년 06월,6.14,9.87
오대산,2021년 07월,7.92,12.74
오대산,2021년 08월,7.55,12.15
오대산,2021년 09월,6.5,10.46
오대산,2021년 10월,11.68,18.8
오대산,2021년 11월,4.8,7.72
오대산,2021년 12월,5.12,8.23
오대산,2022년 01월,4.91,7.89
오대산,2022년 02월,4.78,7.7
오대산,2022년 03월,4.01,6.45
오대산,2022년 04월,4.99,8.03
오대산,2022년 05월,6.61,10.63
오대산,2022년 06월,6.53,10.51
오대산,2022년 07월,8.03,12.92
오대산,2022년 08월,9.42,15.15
오대산,2022년 09월,8.6,13.84
오대산,2022년 10월,15.6,25.1
오대산,2022년 11월,4.51,7.26
오대산,2022년 12월,3.23,5.2
오대산,2023년 01월,4.9,7.88
오대산,2023년 02월,4.47,7.19
오대산,2023년 03월,3.11,5.0
오대산,2023년 04월,3.79,6.1
오대산,2023년 05월,5.05,8.13
오대산,2023년 06월,5.21,8.39
오대산,2023년 07월,6.41,10.3
오대산,2023년 08월,8.04,12.93
오대산,2023년 09월,5.96,9.59
오대산,2023년 10월,9.72,15.64
오대산,2023년 11월,3.06,4.92
오대산,2023년 12월,5.3,8.53
오대산,2024년 01월,6.04,9.72
오대산,2024년 02월,8.85,14.24
오대산,2024년 03월,3.46,5.57
오대산,2024년 04월,3.79,6.09
오대산,2024년 05월,4.72,7.59
오대산,2024년 06월,4.36,7.02
오대산,2024년 07월,5.25,8.44
오대산,2024년 08월,7.14,11.48
오대산,2024년 09월,6.36,10.23
오대산,2024년 10월,8.9,14.32
오대산,2024년 11월,3.95,6.35
오대산,2024년 12월,2.96,4.76
오대산,2025년 01월,4.6,7.41
오대산,2025년 02월,3.15,5.07
오대산,2025년 03월,2.92,4.7
오대산,2025년 04월,2.99,4.81
오대산,2025년 05월,3.59,5.78
오대산,2025년 06월,3.27,5.26
오대산,2025년 07월,4.45,7.16
오대산,2025년 08월,6.11,9.83
오대산,2025년 09월,4.04,6.5
오대산,2025년 10월,6.73,10.83
오대산,2025년 11월,3.13,5.04
오대산,2025년 12월,2.98,4.8
오대산,2026년 01월,3.28,5.27
오대산,2026년 02월,2.49,4.0
오대산,2026년 03월,2.39,3.85
오대산,2026년 04월,3.21,5.17
오대산,2026년 05월,3.7,5.95
오대산,2026년 06월,3.79,6.1
오대산,2026년 07월,4.52,7.27
오대산,2026년 08월,5.16,8.3
월악산,2016년 01월,5.46,5.46
월악산,2016년 02월,6.37,6.37
월악산,2016년 03월,7.43,7.43
월악산,2016년 04월,9.08,9.08
월악산,2016년 05월,9.01,9.01
월악산,2016년 06월,9.6,9.6
월악산,2016년 07월,12.52,12.52
월악산,2016년 08월,10.69,10.69
월악산,2016년 09월,10.18,10.18
월악산,2016년 10월,20.59,20.59
월악산,2016년 11월,12.18,12.18
월악산,2016년 12월,8.3,8.3
월악산,2017년 01월,7.59,7.59
월악산,2017년 02월,8.04,8.04
월악산,2017년 03월,10.86,10.86
월악산,2017년 04월,13.25,13.25
월악산,2017년 05월,18.73,18.73
월악산,2017년 06월,11.86,11.86
월악산,2017년 07월,13.06,13.06
월악산,2017년 08월,14.33,14.33
월악산,2017년 09월,12.2,12.2
월악산,2017년 10월,31.35,31.35
월악산,2017년 11월,15.2,15.2
월악산,2017년 12월,6.57,6.57
월악산,2018년 01월,7.54,7.54
월악산,2018년 02월,7.8,7.8
월악산,2018년 03월,12.34,12.34
월악산,2018년 04월,13.97,13.97
월악산,2018년 05월,17.78,17.78
월악산,2018년 06월,16.67,16.67
월악산,2018년 07월,17.32,17.32
월악산,2018년 08월,12.79,12.79
월악산,2018년 09월,14.13,14.13
월악산,2018년 10월,25.91,25.91
월악산,2018년 11월,12.94,12.94
월악산,2018년 12월,9.2,9.2
월악산,2019년 01월,5.4,5.4
월악산,2019년 02월,5.64,5.64
월악산,2019년 03월,6.79,6.79
월악산,2019년 04월,9.57,9.57
월악산,2019년 05월,12.69,12.69
월악산,2019년 06월,12.55,12.55
월악산,2019년 07월,15.08,15.08
월악산,2019년 08월,14.38,14.38
월악산,2019년 09월,12.81,12.81
월악산,2019년 10월,30.07,30.07
월악산,2019년 11월,26.49,26.49
월악산,2019년 12월,7.15,7.15
월악산,2020년 01월,4.64,4.64
월악산,2020년 02월,4.89,4.89
월악산,2020년 03월,5.7,5.7
월악산,2020년 04월,9.77,9.77
월악산,2020년 05월,11.45,11.45
월악산,2020년 06월,13.02,13.02
월악산,2020년 07월,16.16,16.16
월악산,2020년 08월,17.02,17.02
월악산,2020년 09월,12.85,12.85
월악산,2020년 10월,18.44,18.44
월악산,2020년 11월,11.01,11.01
월악산,2020년 12월,6.27,6.27
월악산,2021년 01월,7.45,7.45
월악산,2021년 02월,8.02,8.02
월악산,2021년 03월,8.33,8.33
월악산,2021년 04월,11.19,11.19
월악산,2021년 05월,12.97,12.97
월악산,2021년 06월,17.02,17.02
월악산,2021년 07월,24.49,24.49
월악산,2021년 08월,19.38,19.38
월악산,2021년 09월,13.3,13.3
월악산,2021년 10월,21.06,21.06
월악산,2021년 11월,14.05,14.05
월악산,2021년 12월,6.16,6.16
월악산,2022년 01월,5.28,5.28
월악산,2022년 02월,6.64,6.64
월악산,2022년 03월,7.04,7.04
월악산,2022년 04월,10.06,10.06
월악산,2022년 05월,12.31,12.31
월악산,2022년 06월,13.23,13.23
월악산,2022년 07월,18.2,18.2
월악산,2022년 08월,21.02,21.02
월악산,2022년 09월,17.05,17.05
월악산,2022년 10월,17.89,17.89
월악산,2022년 11월,9.01,9.01
월악산,2022년 12월,5.33,5.33
월악산,2023년 01월,4.85,4.85
월악산,2023년 02월,6.64,6.64
월악산,2023년 03월,9.16,9.16
월악산,2023년 04월,10.26,10.26
월악산,2023년 05월,13.16,13.16
월악산,2023년 06월,14.2,14.2
월악산,2023년 07월,20.59,20.59
월악산,2023년 08월,21.36,21.36
월악산,2023년 09월,12.47,12.47
월악산,2023년 10월,18.17,18.17
월악산,2023년 11월,8.88,8.88
월악산,2023년 12월,5.14,5.14
월악산,2024년 01월,4.56,4.56
월악산,2024년 02월,6.62,6.62
월악산,2024년 03월,9.42,9.42
월악산,2024년 04월,10.81,10.81
월악산,2024년 05월,11.04,11.04
월악산,2024년 06월,12.73,12.73
월악산,2024년 07월,15.58,15.58
월악산,2024년 08월,18.89,18.89
월악산,2024년 09월,12.8,12.8
월악산,2024년 10월,17.05,17.05
월악산,2024년 11월,8.67,8.67
월악산,2024년 12월,3.88,3.88
월악산,2025년 01월,4.91,4.91
월악산,2025년 02월,4.96,4.96
월악산,2025년 03월,6.62,6.62
월악산,2025년 04월,12.8,12.8
월악산,2025년 05월,10.11,10.11
월악산,2025년 06월,10.38,10.38
월악산,2025년 07월,15.15,15.15
월악산,2025년 08월,15.13,15.13
월악산,2025년 09월,8.23,8.23
월악산,2025년 10월,8.89,8.89
월악산,2025년 11월,10.15,10.15
월악산,2025년 12월,4.08,4.08
월악산,2026년 01월,4.01,4.01
월악산,2026년 02월,4.18,4.18
월악산,2026년 03월,5.76,5.76
월악산,2026년 04월,6.85,6.85
월악산,2026년 05월,6.87,6.87
월악산,2026년 06월,9.51,9.51
월악산,2026년 07월,20.2,20.2
월악산,2026년 08월,13.4,13.4
월출산,2016년 01월,3.97,3.97
월출산,2016년 02월,4.81,4.81
월출산,2016년 03월,6.26,6.26
월출산,2016년 04월,6.17,6.17
월출산,2016년 05월,5.08,5.08
월출산,2016년 06월,4.4,4.4
월출산,2016년 07월,8.52,8.52
월출산,2016년 08월,6.12,6.12
월출산,2016년 09월,5.74,5.74
월출산,2016년 10월,7.25,7.25
월출산,2016년 11월,6.26,6.26
월출산,2016년 12월,3.2,3.2
월출산,2017년 01월,5.38,5.38
월출산,2017년 02월,5.46,5.46
월출산,2017년 03월,8.28,8.28
월출산,2017년 04월,6.14,6.14
월출산,2017년 05월,5.34,5.34
월출산,2017년 06월,4.19,4.19
월출산,2017년 07월,4.64,4.64
월출산,2017년 08월,2.72,2.72
월출산,2017년 09월,3.52,3.52
월출산,2017년 10월,7.7,7.7
월출산,2017년 11월,4.91,4.91
월출산,2017년 12월,2.32,2.32
월출산,2018년 01월,3.87,3.87
월출산,2018년 02월,6.97,6.97
월출산,2018년 03월,6.55,6.55
월출산,2018년 04월,3.53,3.53
월출산,2018년 05월,1.81,1.81
월출산,2018년 06월,1.77,1.77
월출산,2018년 07월,1.74,1.74
월출산,2018년 08월,1.31,1.31
월출산,2018년 09월,1.94,1.94
월출산,2018년 10월,3.32,3.32
월출산,2018년 11월,4.65,4.65
월출산,2018년 12월,3.75,3.75
월출산,2019년 01월,1.9,1.9
월출산,2019년 02월,1.28,1.28
월출산,2019년 03월,1.48,1.48
월출산,2019년 04월,2.05,2.05
월출산,2019년 05월,4.72,4.72
월출산,2019년 06월,4.48,4.48
월출산,2019년 07월,4.55,4.55
월출산,2019년 08월,3.81,3.81
월출산,2019년 09월,4.24,4.24
월출산,2019년 10월,7.5,7.5
월출산,2019년 11월,4.9,4.9
월출산,2019년 12월,2.49,2.49
월출산,2020년 01월,1.51,1.51
월출산,2020년 02월,1.2,1.2
월출산,2020년 03월,3.06,3.06
월출산,2020년 04월,2.93,2.93
월출산,2020년 05월,2.94,2.94
월출산,2020년 06월,2.67,2.67
월출산,2020년 07월,2.97,2.97
월출산,2020년 08월,3.6,3.6
월출산,2020년 09월,3.97,3.97
월출산,2020년 10월,4.41,4.41
월출산,2020년 11월,3.41,3.41
월출산,2020년 12월,3.77,3.77
월출산,2021년 01월,6.51,6.51
월출산,2021년 02월,5.59,5.59
월출산,2021년 03월,5.03,5.03
월출산,2021년 04월,5.62,5.62
월출산,2021년 05월,4.72,4.72
월출산,2021년 06월,3.79,3.79
월출산,2021년 07월,5.41,5.41
월출산,2021년 08월,5.32,5.32
월출산,2021년 09월,3.15,3.15
월출산,2021년 10월,3.16,3.16
월출산,2021년 11월,1.53,1.53
월출산,2021년 12월,1.86,1.86
월출산,2022년 01월,0.82,0.82
월출산,2022년 02월,1.29,1.29
월출산,2022년 03월,1.0,1.0
월출산,2022년 04월,1.62,1.62
월출산,2022년 05월,2.03,2.03
월출산,2022년 06월,1.21,1.21
월출산,2022년 07월,1.71,1.71
월출산,2022년 08월,1.7,1.7
월출산,2022년 09월,2.34,2.34
월출산,2022년 10월,2.75,2.75
월출산,2022년 11월,2.54,2.54
월출산,2022년 12월,2.93,2.93
월출산,2023년 01월,2.51,2.51
월출산,2023년 02월,2.14,2.14
월출산,2023년 03월,2.26,2.26
월출산,2023년 04월,2.08,2.08
월출산,2023년 05월,2.67,2.67
월출산,2023년 06월,3.25,3.25
월출산,2023년 07월,3.76,3.76
월출산,2023년 08월,3.34,3.34
월출산,2023년 09월,4.16,4.16
월출산,2023년 10월,5.29,5.29
월출산,2023년 11월,3.83,3.83
월출산,2023년 12월,3.47,3.47
월출산,2024년 01월,2.65,2.65
월출산,2024년 02월,2.86,2.86
월출산,2024년 03월,3.4,3.4
월출산,2024년 04월,3.62,3.62
월출산,2024년 05월,3.38,3.38
월출산,2024년 06월,3.13,3.13
월출산,2024년 07월,3.2,3.2
월출산,2024년 08월,3.33,3.33
월출산,2024년 09월,4.21,4.21
월출산,2024년 10월,5.43,5.43
월출산,2024년 11월,4.01,4.01
월출산,2024년 12월,2.85,2.85
월출산,2025년 01월,3.27,3.27
월출산,2025년 02월,3.28,3.28
월출산,2025년 03월,3.5,3.5
월출산,2025년 04월,4.16,4.16
월출산,2025년 05월,3.08,3.08
월출산,2025년 06월,2.69,2.69
월출산,2025년 07월,2.92,2.92
월출산,2025년 08월,3.1,3.1
월출산,2025년 09월,7.16,7.16
월출산,2025년 10월,5.77,5.77
월출산,2025년 11월,3.83,3.83
월출산,2025년 12월,2.96,2.96
월출산,2026년 01월,3.75,3.75
월출산,2026년 02월,3.54,3.54
월출산,2026년 03월,4.13,4.13
월출산,2026년 04월,3.71,3.71
월출산,2026년 05월,3.87,3.87
월출산,2026년 06월,2.32,2.32
월출산,2026년 07월,1.75,1.75
월출산,2026년 08월,2.26,2.26
주왕산,2016년 01월,4.92,7.91
주왕산,2016년 02월,4.35,7.0
주왕산,2016년 03월,6.32,10.17
주왕산,2016년 04월,8.19,13.17
주왕산,2016년 05월,11.64,18.72
주왕산,2016년 06월,8.42,13.54
주왕산,2016년 07월,10.5,16.89
주왕산,2016년 08월,11.01,17.71
주왕산,2016년 09월,16.57,26.65
주왕산,2016년 10월,34.84,56.04
주왕산,2016년 11월,28.66,46.11
주왕산,2016년 12월,9.86,15.87
주왕산,2017년 01월,2.04,3.28
주왕산,2017년 02월,2.29,3.68
주왕산,2017년 03월,3.15,5.06
주왕산,2017년 04월,3.74,6.02
주왕산,2017년 05월,3.69,5.94
주왕산,2017년 06월,3.04,4.9
주왕산,2017년 07월,4.39,7.06
주왕산,2017년 08월,4.72,7.6
주왕산,2017년 09월,5.8,9.33
주왕산,2017년 10월,8.97,14.43
주왕산,2017년 11월,5.94,9.55
주왕산,2017년 12월,2.09,3.36
주왕산,2018년 01월,2.01,3.24
주왕산,2018년 02월,1.7,2.73
주왕산,2018년 03월,2.96,4.76
주왕산,2018년 04월,3.49,5.61
주왕산,2018년 05월,3.67,5.9
주왕산,2018년 06월,2.44,3.93
주왕산,2018년 07월,2.97,4.78
주왕산,2018년 08월,3.02,4.86
주왕산,2018년 09월,3.53,5.68
주왕산,2018년 10월,6.64,10.68
주왕산,2018년 11월,3.31,5.32
주왕산,2018년 12월,1.65,2.65
주왕산,2019년 01월,1.77,2.84
주왕산,2019년 02월,1.8,2.9
주왕산,2019년 03월,1.86,2.99
주왕산,2019년 04월,2.4,3.85
주왕산,2019년 05월,2.45,3.94
주왕산,2019년 06월,1.99,3.2
주왕산,2019년 07월,2.68,4.31
주왕산,2019년 08월,3.67,5.9
주왕산,2019년 09월,3.24,5.22
주왕산,2019년 10월,6.78,10.9
주왕산,2019년 11월,5.45,8.77
주왕산,2019년 12월,2.19,3.52
주왕산,2020년 01월,1.67,2.69
주왕산,2020년 02월,1.2,1.92
주왕산,2020년 03월,1.18,1.9
주왕산,2020년 04월,2.25,3.63
주왕산,2020년 05월,1.77,2.85
주왕산,2020년 06월,1.62,2.6
주왕산,2020년 07월,8.15,13.11
주왕산,2020년 08월,21.33,34.31
주왕산,2020년 09월,19.69,31.67
주왕산,2020년 10월,46.86,75.38
주왕산,2020년 11월,24.79,39.88
주왕산,2020년 12월,11.77,18.93
주왕산,2021년 01월,11.17,17.97
주왕산,2021년 02월,11.47,18.44
주왕산,2021년 03월,16.01,25.75
주왕산,2021년 04월,15.96,25.68
주왕산,2021년 05월,22.89,36.82
주왕산,2021년 06월,17.3,27.83
주왕산,2021년 07월,16.18,26.02
주왕산,2021년 08월,18.63,29.97
주왕산,2021년 09월,40.69,65.46
주왕산,2021년 10월,100,160.87
주왕산,2021년 11월,78.9,126.92
주왕산,2021년 12월,16.53,26.59
주왕산,2022년 01월,12.67,20.38
주왕산,2022년 02월,12.0,19.31
주왕산,2022년 03월,9.64,15.5
주왕산,2022년 04월,13.48,21.68
주왕산,2022년 05월,16.57,26.66
주왕산,2022년 06월,14.42,23.2
주왕산,2022년 07월,13.98,22.48
주왕산,2022년 08월,19.77,31.8
주왕산,2022년 09월,30.24,48.65
주왕산,2022년 10월,60.49,97.31
주왕산,2022년 11월,24.44,39.32
주왕산,2022년 12월,6.78,10.9
주왕산,2023년 01월,8.45,13.6
주왕산,2023년 02월,8.54,13.74
주왕산,2023년 03월,9.33,15.02
주왕산,2023년 04월,10.82,17.41
주왕산,2023년 05월,12.03,19.36
주왕산,2023년 06월,43.28,69.62
주왕산,2023년 07월,11.93,19.19
주왕산,2023년 08월,15.52,24.96
주왕산,2023년 09월,19.51,31.38
주왕산,2023년 10월,54.07,86.98
주왕산,2023년 11월,21.44,34.5
주왕산,2023년 12월,6.16,9.91
주왕산,2024년 01월,7.28,11.71
주왕산,2024년 02월,10.43,16.78
주왕산,2024년 03월,9.18,14.77
주왕산,2024년 04월,10.57,17.0
주왕산,2024년 05월,15.55,25.02
주왕산,2024년 06월,11.45,18.42
주왕산,2024년 07월,8.79,14.14
주왕산,2024년 08월,13.61,21.89
주왕산,2024년 09월,19.52,31.4
주왕산,2024년 10월,47.77,76.84
주왕산,2024년 11월,24.9,40.05
주왕산,2024년 12월,5.81,9.34
주왕산,2025년 01월,8.18,13.16
주왕산,2025년 02월,8.46,13.61
주왕산,2025년 03월,33.15,53.33
주왕산,2025년 04월,7.38,11.87
주왕산,2025년 05월,17.8,28.64
주왕산,2025년 06월,14.78,23.77
주왕산,2025년 07월,10.78,17.35
주왕산,2025년 08월,10.35,16.65
주왕산,2025년 09월,18.61,29.93
주왕산,2025년 10월,44.68,71.87
주왕산,2025년 11월,48.48,77.98
주왕산,2025년 12월,9.68,15.57
주왕산,2026년 01월,8.98,14.44
주왕산,2026년 02월,11.66,18.76
주왕산,2026년 03월,11.13,17.9
주왕산,2026년 04월,12.63,20.32
주왕산,2026년 05월,39.25,63.14
주왕산,2026년 06월,9.9,15.93
주왕산,2026년 07월,11.19,18.0
주왕산,2026년 08월,12.94,20.81
지리산,2016년 01월,23.38,23.38
지리산,2016년 02월,18.55,18.55
지리산,2016년 03월,16.72,16.72
지리산,2016년 04월,23.32,23.32
지리산,2016년 05월,29.69,29.69
지리산,2016년 06월,27.92,27.92
지리산,2016년 07월,37.09,37.09
지리산,2016년 08월,30.53,30.53
지리산,2016년 09월,29.93,29.93
지리산,2016년 10월,23.89,23.89
지리산,2016년 11월,14.63,14.63
지리산,2016년 12월,17.46,17.46
지리산,2017년 01월,20.53,20.53
지리산,2017년 02월,15.49,15.49
지리산,2017년 03월,13.83,13.83
지리산,2017년 04월,25.3,25.3
지리산,2017년 05월,25.82,25.82
지리산,2017년 06월,23.54,23.54
지리산,2017년 07월,35.95,35.95
지리산,2017년 08월,32.39,32.39
지리산,2017년 09월,30.11,30.11
지리산,2017년 10월,24.81,24.81
지리산,2017년 11월,14.58,14.58
지리산,2017년 12월,15.97,15.97
지리산,2018년 01월,18.23,18.23
지리산,2018년 02월,12.27,12.27
지리산,2018년 03월,13.04,13.04
지리산,2018년 04월,19.72,19.72
지리산,2018년 05월,23.2,23.2
지리산,2018년 06월,19.14,19.14
지리산,2018년 07월,35.26,35.26
지리산,2018년 08월,28.51,28.51
지리산,2018년 09월,22.87,22.87
지리산,2018년 10월,23.6,23.6
지리산,2018년 11월,11.98,11.98
지리산,2018년 12월,12.13,12.13
지리산,2019년 01월,12.79,12.79
지리산,2019년 02월,11.12,11.12
지리산,2019년 03월,10.15,10.15
지리산,2019년 04월,16.38,16.38
지리산,2019년 05월,19.11,19.11
지리산,2019년 06월,20.92,20.92
지리산,2019년 07월,28.39,28.39
지리산,2019년 08월,23.13,23.13
지리산,2019년 09월,19.2,19.2
지리산,2019년 10월,19.87,19.87
지리산,2019년 11월,13.11,13.11
지리산,2019년 12월,13.47,13.47
지리산,2020년 01월,12.18,12.18
지리산,2020년 02월,12.29,12.29
지리산,2020년 03월,12.08,12.08
지리산,2020년 04월,18.56,18.56
지리산,2020년 05월,18.41,18.41
지리산,2020년 06월,16.2,16.2
지리산,2020년 07월,25.43,25.43
지리산,2020년 08월,27.82,27.82
지리산,2020년 09월,16.92,16.92
지리산,2020년 10월,19.56,19.56
지리산,2020년 11월,13.14,13.14
지리산,2020년 12월,18.74,18.74
지리산,2021년 01월,22.23,22.23
지리산,2021년 02월,14.43,14.43
지리산,2021년 03월,12.32,12.32
지리산,2021년 04월,15.75,15.75
지리산,2021년 05월,19.31,19.31
지리산,2021년 06월,21.05,21.05
지리산,2021년 07월,20.84,20.84
지리산,2021년 08월,18.78,18.78
지리산,2021년 09월,16.9,16.9
지리산,2021년 10월,29.23,29.23
지리산,2021년 11월,28.02,28.02
지리산,2021년 12월,20.3,20.3
지리산,2022년 01월,12.65,12.65
지리산,2022년 02월,10.76,10.76
지리산,2022년 03월,10.52,10.52
지리산,2022년 04월,13.81,13.81
지리산,2022년 05월,20.59,20.59
지리산,2022년 06월,18.89,18.89
지리산,2022년 07월,22.27,22.27
지리산,2022년 08월,22.34,22.34
지리산,2022년 09월,18.08,18.08
지리산,2022년 10월,13.63,13.63
지리산,2022년 11월,8.95,8.95
지리산,2022년 12월,12.02,12.02
지리산,2023년 01월,11.12,11.12
지리산,2023년 02월,9.9,9.9
지리산,2023년 03월,11.84,11.84
지리산,2023년 04월,14.28,14.28
지리산,2023년 05월,19.18,19.18
지리산,2023년 06월,15.98,15.98
지리산,2023년 07월,21.44,21.44
지리산,2023년 08월,18.01,18.01
지리산,2023년 09월,14.57,14.57
지리산,2023년 10월,16.28,16.28
지리산,2023년 11월,13.81,13.81
지리산,2023년 12월,13.99,13.99
지리산,2024년 01월,10.73,10.73
지리산,2024년 02월,12.17,12.17
지리산,2024년 03월,10.31,10.31
지리산,2024년 04월,13.78,13.78
지리산,2024년 05월,15.56,15.56
지리산,2024년 06월,11.91,11.91
지리산,2024년 07월,13.7,13.7
지리산,2024년 08월,10.14,10.14
지리산,2024년 09월,10.03,10.03
지리산,2024년 10월,10.32,10.32
지리산,2024년 11월,11.82,11.82
지리산,2024년 12월,9.87,9.87
지리산,2025년 01월,14.63,14.63
지리산,2025년 02월,11.87,11.87
지리산,2025년 03월,38.27,38.27
지리산,2025년 04월,15.44,15.44
지리산,2025년 05월,14.34,14.34
지리산,2025년 06월,13.15,13.15
지리산,2025년 07월,15.24,15.24
지리산,2025년 08월,11.79,11.79
지리산,2025년 09월,8.66,8.66
지리산,2025년 10월,9.92,9.92
지리산,2025년 11월,7.73,7.73
지리산,2025년 12월,6.66,6.66
지리산,2026년 01월,7.19,7.19
지리산,2026년 02월,7.28,7.28
지리산,2026년 03월,7.14,7.14
지리산,2026년 04월,9.21,9.21
지리산,2026년 05월,9.69,9.69
지리산,2026년 06월,8.94,8.94
지리산,2026년 07월,10.01,10.01
지리산,2026년 08월,9.75,9.75
치악산,2016년 01월,3.6,3.6
치악산,2016년 02월,2.49,2.49
치악산,2016년 03월,4.04,4.04
치악산,2016년 04월,5.6,5.6
치악산,2016년 05월,6.05,6.05
치악산,2016년 06월,5.75,5.75
치악산,2016년 07월,5.19,5.19
치악산,2016년 08월,5.5,5.5
치악산,2016년 09월,4.87,4.87
치악산,2016년 10월,7.89,7.89
치악산,2016년 11월,4.72,4.72
치악산,2016년 12월,3.4,3.4
치악산,2017년 01월,3.48,3.48
치악산,2017년 02월,3.55,3.55
치악산,2017년 03월,4.41,4.41
치악산,2017년 04월,6.0,6.0
치악산,2017년 05월,7.21,7.21
치악산,2017년 06월,6.16,6.16
치악산,2017년 07월,5.02,5.02
치악산,2017년 08월,5.48,5.48
치악산,2017년 09월,5.18,5.18
치악산,2017년 10월,12.22,12.22
치악산,2017년 11월,4.59,4.59
치악산,2017년 12월,3.19,3.19
치악산,2018년 01월,3.03,3.03
치악산,2018년 02월,2.69,2.69
치악산,2018년 03월,5.8,5.8
치악산,2018년 04월,5.36,5.36
치악산,2018년 05월,7.41,7.41
치악산,2018년 06월,6.71,6.71
치악산,2018년 07월,6.35,6.35
치악산,2018년 08월,4.82,4.82
치악산,2018년 09월,5.06,5.06
치악산,2018년 10월,10.07,10.07
치악산,2018년 11월,5.59,5.59
치악산,2018년 12월,3.25,3.25
치악산,2019년 01월,3.02,3.02
치악산,2019년 02월,3.9,3.9
치악산,2019년 03월,5.06,5.06
치악산,2019년 04월,5.38,5.38
치악산,2019년 05월,7.26,7.26
치악산,2019년 06월,4.94,4.94
치악산,2019년 07월,4.53,4.53
치악산,2019년 08월,5.06,5.06
치악산,2019년 09월,5.1,5.1
치악산,2019년 10월,10.77,10.77
치악산,2019년 11월,5.88,5.88
치악산,2019년 12월,3.44,3.44
치악산,2020년 01월,2.8,2.8
치악산,2020년 02월,3.55,3.55
치악산,2020년 03월,8.56,8.56
치악산,2020년 04월,7.61,7.61
치악산,2020년 05월,5.63,5.63
치악산,2020년 06월,5.31,5.31
치악산,2020년 07월,6.54,6.54
치악산,2020년 08월,6.75,6.75
치악산,2020년 09월,7.28,7.28
치악산,2020년 10월,12.99,12.99
치악산,2020년 11월,8.46,8.46
치악산,2020년 12월,7.46,7.46
치악산,2021년 01월,7.41,7.41
치악산,2021년 02월,6.12,6.12
치악산,2021년 03월,6.6,6.6
치악산,2021년 04월,8.67,8.67
치악산,2021년 05월,8.15,8.15
치악산,2021년 06월,6.97,6.97
치악산,2021년 07월,6.64,6.64
치악산,2021년 08월,6.54,6.54
치악산,2021년 09월,5.45,5.45
치악산,2021년 10월,7.67,7.67
치악산,2021년 11월,5.59,5.59
치악산,2021년 12월,4.54,4.54
치악산,2022년 01월,3.44,3.44
치악산,2022년 02월,3.9,3.9
치악산,2022년 03월,4.38,4.38
치악산,2022년 04월,4.8,4.8
치악산,2022년 05월,5.41,5.41
치악산,2022년 06월,5.14,5.14
치악산,2022년 07월,5.65,5.65
치악산,2022년 08월,6.47,6.47
치악산,2022년 09월,5.12,5.12
치악산,2022년 10월,7.88,7.88
치악산,2022년 11월,4.7,4.7
치악산,2022년 12월,3.9,3.9
치악산,2023년 01월,4.22,4.22
치악산,2023년 02월,3.56,3.56
치악산,2023년 03월,4.6,4.6
치악산,2023년 04월,4.8,4.8
치악산,2023년 05월,5.25,5.25
치악산,2023년 06월,5.0,5.0
치악산,2023년 07월,5.5,5.5
치악산,2023년 08월,5.63,5.63
치악산,2023년 09월,4.46,4.46
치악산,2023년 10월,6.21,6.21
치악산,2023년 11월,3.65,3.65
치악산,2023년 12월,3.72,3.72
치악산,2024년 01월,2.96,2.96
치악산,2024년 02월,4.47,4.47
치악산,2024년 03월,4.14,4.14
치악산,2024년 04월,4.11,4.11
치악산,2024년 05월,3.9,3.9
치악산,2024년 06월,3.96,3.96
치악산,2024년 07월,3.61,3.61
치악산,2024년 08월,4.49,4.49
치악산,2024년 09월,3.98,3.98
치악산,2024년 10월,4.93,4.93
치악산,2024년 11월,4.69,4.69
치악산,2024년 12월,3.79,3.79
치악산,2025년 01월,3.83,3.83
치악산,2025년 02월,3.35,3.35
치악산,2025년 03월,3.18,3.18
치악산,2025년 04월,3.03,3.03
치악산,2025년 05월,3.2,3.2
치악산,2025년 06월,3.0,3.0
치악산,2025년 07월,3.11,3.11
치악산,2025년 08월,3.46,3.46
치악산,2025년 09월,2.96,2.96
치악산,2025년 10월,3.56,3.56
치악산,2025년 11월,2.89,2.89
치악산,2025년 12월,2.5,2.5
치악산,2026년 01월,2.71,2.71
치악산,2026년 02월,2.3,2.3
치악산,2026년 03월,3.78,3.78
치악산,2026년 04월,4.03,4.03
치악산,2026년 05월,4.2,4.2
치악산,2026년 06월,3.16,3.16
치악산,2026년 07월,4.8,4.8
치악산,2026년 08월,4.95,4.95
태백산,2016년 01월,2.85,2.85
태백산,2016년 02월,2.11,2.11
태백산,2016년 03월,1.56,1.56
태백산,2016년 04월,11.59,11.59
태백산,2016년 05월,8.59,8.59
태백산,2016년 06월,5.41,5.41
태백산,2016년 07월,5.7,5.7
태백산,2016년 08월,14.39,14.39
태백산,2016년 09월,10.61,10.61
태백산,2016년 10월,9.15,9.15
태백산,2016년 11월,7.98,7.98
태백산,2016년 12월,12.05,12.05
태백산,2017년 01월,20.38,20.38
태백산,2017년 02월,10.51,10.51
태백산,2017년 03월,5.32,5.32
태백산,2017년 04월,5.55,5.55
태백산,2017년 05월,7.33,7.33
태백산,2017년 06월,6.19,6.19
태백산,2017년 07월,6.36,6.36
태백산,2017년 08월,7.54,7.54
태백산,2017년 09월,5.98,5.98
태백산,2017년 10월,6.06,6.06
태백산,2017년 11월,6.13,6.13
태백산,2017년 12월,9.43,9.43
태백산,2018년 01월,15.33,15.33
태백산,2018년 02월,6.39,6.39
태백산,2018년 03월,6.8,6.8
태백산,2018년 04월,4.61,4.61
태백산,2018년 05월,5.81,5.81
태백산,2018년 06월,4.32,4.32
태백산,2018년 07월,5.76,5.76
태백산,2018년 08월,5.55,5.55
태백산,2018년 09월,4.07,4.07
태백산,2018년 10월,7.0,7.0
태백산,2018년 11월,5.9,5.9
태백산,2018년 12월,7.9,7.9
태백산,2019년 01월,19.24,19.24
태백산,2019년 02월,10.2,10.2
태백산,2019년 03월,4.41,4.41
태백산,2019년 04월,4.34,4.34
태백산,2019년 05월,5.32,5.32
태백산,2019년 06월,4.29,4.29
태백산,2019년 07월,6.01,6.01
태백산,2019년 08월,5.32,5.32
태백산,2019년 09월,3.26,3.26
태백산,2019년 10월,4.63,4.63
태백산,2019년 11월,5.03,5.03
태백산,2019년 12월,8.84,8.84
태백산,2020년 01월,17.15,17.15
태백산,2020년 02월,11.76,11.76
태백산,2020년 03월,4.61,4.61
태백산,2020년 04월,4.08,4.08
태백산,2020년 05월,3.93,3.93
태백산,2020년 06월,3.52,3.52
태백산,2020년 07월,4.67,4.67
태백산,2020년 08월,5.17,5.17
태백산,2020년 09월,3.88,3.88
태백산,2020년 10월,5.83,5.83
태백산,2020년 11월,7.27,7.27
태백산,2020년 12월,16.37,16.37
태백산,2021년 01월,18.55,18.55
태백산,2021년 02월,7.42,7.42
태백산,2021년 03월,5.54,5.54
태백산,2021년 04월,4.12,4.12
태백산,2021년 05월,4.05,4.05
태백산,2021년 06월,4.63,4.63
태백산,2021년 07월,4.63,4.63
태백산,2021년 08월,5.66,5.66
태백산,2021년 09월,3.48,3.48
태백산,2021년 10월,4.13,4.13
태백산,2021년 11월,5.41,5.41
태백산,2021년 12월,9.74,9.74
태백산,2022년 01월,9.93,9.93
태백산,2022년 02월,12.61,12.61
태백산,2022년 03월,7.31,7.31
태백산,2022년 04월,3.07,3.07
태백산,2022년 05월,3.7,3.7
태백산,2022년 06월,3.18,3.18
태백산,2022년 07월,6.19,6.19
태백산,2022년 08월,5.64,5.64
태백산,2022년 09월,3.59,3.59
태백산,2022년 10월,4.42,4.42
태백산,2022년 11월,3.38,3.38
태백산,2022년 12월,7.09,7.09
태백산,2023년 01월,16.35,16.35
태백산,2023년 02월,7.09,7.09
태백산,2023년 03월,2.95,2.95
태백산,2023년 04월,3.78,3.78
태백산,2023년 05월,5.26,5.26
태백산,2023년 06월,5.8,5.8
태백산,2023년 07월,6.59,6.59
태백산,2023년 08월,5.47,5.47
태백산,2023년 09월,3.72,3.72
태백산,2023년 10월,4.38,4.38
태백산,2023년 11월,3.76,3.76
태백산,2023년 12월,9.39,9.39
태백산,2024년 01월,13.34,13.34
태백산,2024년 02월,12.7,12.7
태백산,2024년 03월,3.78,3.78
태백산,2024년 04월,3.23,3.23
태백산,2024년 05월,5.02,5.02
태백산,2024년 06월,4.25,4.25
태백산,2024년 07월,5.68,5.68
태백산,2024년 08월,6.47,6.47
태백산,2024년 09월,6.1,6.1
태백산,2024년 10월,4.86,4.86
태백산,2024년 11월,4.32,4.32
태백산,2024년 12월,5.36,5.36
태백산,2025년 01월,8.83,8.83
태백산,2025년 02월,6.54,6.54
태백산,2025년 03월,4.95,4.95
태백산,2025년 04월,2.56,2.56
태백산,2025년 05월,3.33,3.33
태백산,2025년 06월,3.06,3.06
태백산,2025년 07월,5.71,5.71
태백산,2025년 08월,5.36,5.36
태백산,2025년 09월,3.13,3.13
태백산,2025년 10월,4.41,4.41
태백산,2025년 11월,3.96,3.96
태백산,2025년 12월,5.33,5.33
태백산,2026년 01월,8.88,8.88
태백산,2026년 02월,5.8,5.8
태백산,2026년 03월,4.42,4.42
태백산,2026년 04월,3.15,3.15
태백산,2026년 05월,3.45,3.45
태백산,2026년 06월,3.08,3.08
태백산,2026년 07월,5.1,5.1
태백산,2026년 08월,12.34,12.34
태안해안,2016년 01월,2.52,2.52
태안해안,2016년 02월,2.83,2.83
태안해안,2016년 03월,3.67,3.67
태안해안,2016년 04월,4.22,4.22
태안해안,2016년 05월,4.06,4.06
태안해안,2016년 06월,3.91,3.91
태안해안,2016년 07월,3.8,3.8
태안해안,2016년 08월,3.98,3.98
태안해안,2016년 09월,2.63,2.63
태안해안,2016년 10월,2.19,2.19
태안해안,2016년 11월,1.88,1.88
태안해안,2016년 12월,1.5,1.5
태안해안,2017년 01월,1.25,1.25
태안해안,2017년 02월,1.84,1.84
태안해안,2017년 03월,2.52,2.52
태안해안,2017년 04월,3.24,3.24
태안해안,2017년 05월,3.99,3.99
태안해안,2017년 06월,3.32,3.32
태안해안,2017년 07월,3.26,3.26
태안해안,2017년 08월,3.81,3.81
태안해안,2017년 09월,3.77,3.77
태안해안,2017년 10월,3.66,3.66
태안해안,2017년 11월,2.34,2.34
태안해안,2017년 12월,2.24,2.24
태안해안,2018년 01월,1.91,1.91
태안해안,2018년 02월,1.78,1.78
태안해안,2018년 03월,3.14,3.14
태안해안,2018년 04월,3.68,3.68
태안해안,2018년 05월,3.85,3.85
태안해안,2018년 06월,3.57,3.57
태안해안,2018년 07월,3.63,3.63
태안해안,2018년 08월,3.51,3.51
태안해안,2018년 09월,3.27,3.27
태안해안,2018년 10월,3.36,3.36
태안해안,2018년 11월,2.18,2.18
태안해안,2018년 12월,2.12,2.12
태안해안,2019년 01월,1.95,1.95
태안해안,2019년 02월,2.19,2.19
태안해안,2019년 03월,3.02,3.02
태안해안,2019년 04월,3.92,3.92
태안해안,2019년 05월,5.38,5.38
태안해안,2019년 06월,4.34,4.34
태안해안,2019년 07월,4.35,4.35
태안해안,2019년 08월,4.57,4.57
태안해안,2019년 09월,2.91,2.91
태안해안,2019년 10월,3.37,3.37
태안해안,2019년 11월,2.7,2.7
태안해안,2019년 12월,2.07,2.07
태안해안,2020년 01월,2.27,2.27
태안해안,2020년 02월,2.18,2.18
태안해안,2020년 03월,3.55,3.55
태안해안,2020년 04월,4.97,4.97
태안해안,2020년 05월,5.46,5.46
태안해안,2020년 06월,5.3,5.3
태안해안,2020년 07월,5.7,5.7
태안해안,2020년 08월,4.94,4.94
태안해안,2020년 09월,4.48,4.48
태안해안,2020년 10월,5.06,5.06
태안해안,2020년 11월,3.19,3.19
태안해안,2020년 12월,3.37,3.37
태안해안,2021년 01월,3.35,3.35
태안해안,2021년 02월,4.75,4.75
태안해안,2021년 03월,4.87,4.87
태안해안,2021년 04월,5.01,5.01
태안해안,2021년 05월,5.69,5.69
태안해안,2021년 06월,5.57,5.57
태안해안,2021년 07월,5.9,5.9
태안해안,2021년 08월,6.2,6.2
태안해안,2021년 09월,5.29,5.29
태안해안,2021년 10월,5.13,5.13
태안해안,2021년 11월,3.77,3.77
태안해안,2021년 12월,3.33,3.33
태안해안,2022년 01월,3.14,3.14
태안해안,2022년 02월,3.5,3.5
태안해안,2022년 03월,4.19,4.19
태안해안,2022년 04월,5.36,5.36
태안해안,2022년 05월,6.17,6.17
태안해안,2022년 06월,5.55,5.55
태안해안,2022년 07월,5.53,5.53
태안해안,2022년 08월,6.25,6.25
태안해안,2022년 09월,5.21,5.21
태안해안,2022년 10월,5.38,5.38
태안해안,2022년 11월,3.2,3.2
태안해안,2022년 12월,2.48,2.48
태안해안,2023년 01월,2.22,2.22
태안해안,2023년 02월,2.91,2.91
태안해안,2023년 03월,3.95,3.95
태안해안,2023년 04월,4.7,4.7
태안해안,2023년 05월,5.92,5.92
태안해안,2023년 06월,5.07,5.07
태안해안,2023년 07월,4.27,4.27
태안해안,2023년 08월,5.19,5.19
태안해안,2023년 09월,3.9,3.9
태안해안,2023년 10월,4.05,4.05
태안해안,2023년 11월,2.26,2.26
태안해안,2023년 12월,2.06,2.06
태안해안,2024년 01월,1.83,1.83
태안해안,2024년 02월,2.38,2.38
태안해안,2024년 03월,2.6,2.6
태안해안,2024년 04월,3.61,3.61
태안해안,2024년 05월,3.99,3.99
태안해안,2024년 06월,4.37,4.37
태안해안,2024년 07월,3.99,3.99
태안해안,2024년 08월,4.06,4.06
태안해안,2024년 09월,3.64,3.64
태안해안,2024년 10월,3.79,3.79
태안해안,2024년 11월,2.19,2.19
태안해안,2024년 12월,1.54,1.54
태안해안,2025년 01월,1.64,1.64
태안해안,2025년 02월,1.52,1.52
태안해안,2025년 03월,2.09,2.09
태안해안,2025년 04월,2.43,2.43
태안해안,2025년 05월,2.81,2.81
태안해안,2025년 06월,2.71,2.71
태안해안,2025년 07월,3.18,3.18
태안해안,2025년 08월,3.67,3.67
태안해안,2025년 09월,2.71,2.71
태안해안,2025년 10월,3.17,3.17
태안해안,2025년 11월,1.91,1.91
태안해안,2025년 12월,1.47,1.47
태안해안,2026년 01월,1.51,1.51
태안해안,2026년 02월,1.69,1.69
태안해안,2026년 03월,2.4,2.4
태안해안,2026년 04월,2.56,2.56
태안해안,2026년 05월,2.54,2.54
태안해안,2026년 06월,2.33,2.33
태안해안,2026년 07월,2.33,2.33
태안해안,2026년 08월,2.19,2.19
팔공산,2016년 01월,0.14,0.14
팔공산,2016년 02월,0.13,0.13
팔공산,2016년 03월,0.09,0.09
팔공산,2016년 04월,0.43,0.43
팔공산,2016년 05월,0.44,0.44
팔공산,2016년 06월,0.18,0.18
팔공산,2016년 07월,0.19,0.19
팔공산,2016년 08월,0.34,0.34
팔공산,2016년 09월,0.31,0.31
팔공산,2016년 10월,0.2,0.2
팔공산,2016년 11월,0.12,0.12
팔공산,2016년 12월,0.08,0.08
팔공산,2017년 01월,0.05,0.05
팔공산,2017년 02월,0.12,0.12
팔공산,2017년 03월,0.22,0.22
팔공산,2017년 04월,0.17,0.17
팔공산,2017년 05월,0.17,0.17
팔공산,2017년 06월,0.14,0.14
팔공산,2017년 07월,0.09,0.09
팔공산,2017년 08월,0.09,0.09
팔공산,2017년 09월,0.12,0.12
팔공산,2017년 10월,0.25,0.25
팔공산,2017년 11월,0.13,0.13
팔공산,2017년 12월,0.05,0.05
팔공산,2018년 01월,0.05,0.05
팔공산,2018년 02월,0.05,0.05
팔공산,2018년 03월,0.18,0.18
팔공산,2018년 04월,0.1,0.1
팔공산,2018년 05월,0.11,0.11
팔공산,2018년 06월,0.1,0.1
팔공산,2018년 07월,0.05,0.05
팔공산,2018년 08월,0.28,0.28
팔공산,2018년 09월,0.16,0.16
팔공산,2018년 10월,0.49,0.49
팔공산,2018년 11월,0.14,0.14
팔공산,2018년 12월,0.08,0.08
팔공산,2019년 01월,0.1,0.1
팔공산,2019년 02월,0.05,0.05
팔공산,2019년 03월,0.06,0.06
팔공산,2019년 04월,0.03,0.03
팔공산,2019년 05월,0.04,0.04
팔공산,2019년 06월,0.12,0.12
팔공산,2019년 07월,0.55,0.55
팔공산,2019년 08월,0.41,0.41
팔공산,2019년 09월,0.14,0.14
팔공산,2019년 10월,0.25,0.25
팔공산,2019년 11월,0.19,0.19
팔공산,2019년 12월,0.15,0.15
팔공산,2020년 01월,0.1,0.1
팔공산,2020년 02월,0.03,0.03
팔공산,2020년 03월,0.07,0.07
팔공산,2020년 04월,0.12,0.12
팔공산,2020년 05월,0.15,0.15
팔공산,2020년 06월,0.09,0.09
팔공산,2020년 07월,0.25,0.25
팔공산,2020년 08월,0.19,0.19
팔공산,2020년 09월,0.2,0.2
팔공산,2020년 10월,0.39,0.39
팔공산,2020년 11월,0.19,0.19
팔공산,2020년 12월,0.24,0.24
팔공산,2021년 01월,0.15,0.15
팔공산,2021년 02월,0.11,0.11
팔공산,2021년 03월,0.94,0.94
팔공산,2021년 04월,1.18,1.18
팔공산,2021년 05월,2.0,2.0
팔공산,2021년 06월,1.26,1.26
팔공산,2021년 07월,0.95,0.95
팔공산,2021년 08월,1.32,1.32
팔공산,2021년 09월,1.48,1.48
팔공산,2021년 10월,1.6,1.6
팔공산,2021년 11월,1.83,1.83
팔공산,2021년 12월,1.23,1.23
팔공산,2022년 01월,0.96,0.96
팔공산,2022년 02월,0.92,0.92
팔공산,2022년 03월,1.7,1.7
팔공산,2022년 04월,1.36,1.36
팔공산,2022년 05월,1.21,1.21
팔공산,2022년 06월,1.37,1.37
팔공산,2022년 07월,1.15,1.15
팔공산,2022년 08월,2.22,2.22
팔공산,2022년 09월,1.46,1.46
팔공산,2022년 10월,1.81,1.81
팔공산,2022년 11월,1.8,1.8
팔공산,2022년 12월,2.24,2.24
팔공산,2023년 01월,7.58,7.58
팔공산,2023년 02월,6.22,6.22
팔공산,2023년 03월,10.02,10.02
팔공산,2023년 04월,6.76,6.76
팔공산,2023년 05월,24.8,24.8
팔공산,2023년 06월,14.97,14.97
팔공산,2023년 07월,6.62,6.62
팔공산,2023년 08월,5.03,5.03
팔공산,2023년 09월,4.39,4.39
팔공산,2023년 10월,5.21,5.21
팔공산,2023년 11월,4.37,4.37
팔공산,2023년 12월,4.7,4.7
팔공산,2024년 01월,4.91,4.91
팔공산,2024년 02월,4.61,4.61
팔공산,2024년 03월,6.69,6.69
팔공산,2024년 04월,3.82,3.82
팔공산,2024년 05월,4.08,4.08
팔공산,2024년 06월,3.38,3.38
팔공산,2024년 07월,2.97,2.97
팔공산,2024년 08월,3.33,3.33
팔공산,2024년 09월,3.19,3.19
팔공산,2024년 10월,3.93,3.93
팔공산,2024년 11월,3.97,3.97
팔공산,2024년 12월,4.04,4.04
팔공산,2025년 01월,3.0,3.0
팔공산,2025년 02월,2.96,2.96
팔공산,2025년 03월,4.03,4.03
팔공산,2025년 04월,5.71,5.71
팔공산,2025년 05월,4.51,4.51
팔공산,2025년 06월,2.92,2.92
팔공산,2025년 07월,2.71,2.71
팔공산,2025년 08월,2.81,2.81
팔공산,2025년 09월,3.46,3.46
팔공산,2025년 10월,3.68,3.68
팔공산,2025년 11월,4.36,4.36
팔공산,2025년 12월,4.79,4.79
팔공산,2026년 01월,3.52,3.52
팔공산,2026년 02월,3.33,3.33
팔공산,2026년 03월,3.72,3.72
팔공산,2026년 04월,3.91,3.91
팔공산,2026년 05월,3.58,3.58
팔공산,2026년 06월,2.42,2.42
팔공산,2026년 07월,3.22,3.22
팔공산,2026년 08월,3.49,3.49
한라산,2016년 01월,26.63,57.79
한라산,2016년 02월,13.06,28.34
한라산,2016년 03월,6.3,13.68
한라산,2016년 04월,4.58,9.95
한라산,2016년 05월,4.16,9.04
한라산,2016년 06월,3.78,8.21
한라산,2016년 07월,3.61,7.83
한라산,2016년 08월,2.99,6.48
한라산,2016년 09월,3.52,7.65
한라산,2016년 10월,4.26,9.25
한라산,2016년 11월,4.28,9.28
한라산,2016년 12월,8.05,17.47
한라산,2017년 01월,13.73,29.81
한라산,2017년 02월,17.12,37.16
한라산,2017년 03월,5.27,11.44
한라산,2017년 04월,5.13,11.13
한라산,2017년 05월,4.71,10.23
한라산,2017년 06월,3.57,7.75
한라산,2017년 07월,3.74,8.11
한라산,2017년 08월,4.51,9.78
한라산,2017년 09월,5.18,11.24
한라산,2017년 10월,5.55,12.05
한라산,2017년 11월,6.04,13.11
한라산,2017년 12월,16.27,35.31
한라산,2018년 01월,47.88,103.91
한라산,2018년 02월,53.89,116.96
한라산,2018년 03월,13.97,30.33
한라산,2018년 04월,6.89,14.94
한라산,2018년 05월,7.23,15.68
한라산,2018년 06월,5.75,12.48
한라산,2018년 07월,6.12,13.29
한라산,2018년 08월,6.9,14.98
한라산,2018년 09월,5.74,12.46
한라산,2018년 10월,6.29,13.66
한라산,2018년 11월,6.03,13.08
한라산,2018년 12월,22.65,49.16
한라산,2019년 01월,22.53,48.9
한라산,2019년 02월,15.31,33.23
한라산,2019년 03월,6.05,13.13
한라산,2019년 04월,3.85,8.35
한라산,2019년 05월,3.97,8.62
한라산,2019년 06월,3.39,7.35
한라산,2019년 07월,3.65,7.92
한라산,2019년 08월,3.41,7.41
한라산,2019년 09월,4.55,9.87
한라산,2019년 10월,4.19,9.1
한라산,2019년 11월,4.42,9.6
한라산,2019년 12월,8.63,18.72
한라산,2020년 01월,14.45,31.35
한라산,2020년 02월,10.17,22.06
한라산,2020년 03월,3.69,8.01
한라산,2020년 04월,4.08,8.85
한라산,2020년 05월,2.56,5.55
한라산,2020년 06월,4.72,10.24
한라산,2020년 07월,4.96,10.76
한라산,2020년 08월,8.01,17.38
한라산,2020년 09월,6.78,14.71
한라산,2020년 10월,13.75,29.84
한라산,2020년 11월,16.63,36.09
한라산,2020년 12월,35.99,78.11
한라산,2021년 01월,89.57,194.39
한라산,2021년 02월,31.57,68.52
한라산,2021년 03월,16.02,34.76
한라산,2021년 04월,15.27,33.15
한라산,2021년 05월,14.55,31.58
한라산,2021년 06월,12.72,27.61
한라산,2021년 07월,9.24,20.05
한라산,2021년 08월,9.87,21.42
한라산,2021년 09월,12.19,26.45
한라산,2021년 10월,17.5,37.98
한라산,2021년 11월,22.14,48.04
한라산,2021년 12월,45.17,98.04
한라산,2022년 01월,71.49,155.14
한라산,2022년 02월,57.7,125.21
한라산,2022년 03월,24.2,52.52
한라산,2022년 04월,20.97,45.52
한라산,2022년 05월,22.5,48.84
한라산,2022년 06월,21.55,46.76
한라산,2022년 07월,13.42,29.13
한라산,2022년 08월,14.7,31.9
한라산,2022년 09월,18.14,39.37
한라산,2022년 10월,18.78,40.75
한라산,2022년 11월,17.3,37.55
한라산,2022년 12월,63.98,138.87
한라산,2023년 01월,62.11,134.79
한라산,2023년 02월,26.97,58.53
한라산,2023년 03월,12.09,26.24
한라산,2023년 04월,12.9,28.0
한라산,2023년 05월,15.1,32.78
한라산,2023년 06월,11.52,24.99
한라산,2023년 07월,12.32,26.73
한라산,2023년 08월,9.8,21.28
한라산,2023년 09월,9.25,20.07
한라산,2023년 10월,12.13,26.33
한라산,2023년 11월,26.6,57.73
한라산,2023년 12월,63.38,137.55
한라산,2024년 01월,58.22,126.35
한라산,2024년 02월,31.02,67.32
한라산,2024년 03월,20.08,43.58
한라산,2024년 04월,12.32,26.75
한라산,2024년 05월,14.62,31.73
한라산,2024년 06월,11.24,24.39
한라산,2024년 07월,11.71,25.41
한라산,2024년 08월,9.05,19.65
한라산,2024년 09월,12.13,26.32
한라산,2024년 10월,14.61,31.72
한라산,2024년 11월,23.96,52.01
한라산,2024년 12월,52.55,114.05
한라산,2025년 01월,82.02,178.01
한라산,2025년 02월,100,217.03
한라산,2025년 03월,39.4,85.51
한라산,2025년 04월,15.86,34.42
한라산,2025년 05월,13.12,28.47
한라산,2025년 06월,11.55,25.06
한라산,2025년 07월,11.17,24.24
한라산,2025년 08월,9.43,20.47
한라산,2025년 09월,10.67,23.16
한라산,2025년 10월,10.47,22.72
한라산,2025년 11월,18.48,40.12
한라산,2025년 12월,38.94,84.5
한라산,2026년 01월,97.58,211.79
한라산,2026년 02월,50.29,109.14
한라산,2026년 03월,11.58,25.12
한라산,2026년 04월,9.64,20.92
한라산,2026년 05월,9.84,21.35
한라산,2026년 06월,10.04,21.78
한라산,2026년 07월,10.23,22.2
한라산,2026년 08월,10.26,22.26
한려해상,2016년 01월,11.63,11.63
한려해상,2016년 02월,11.45,11.45
한려해상,2016년 03월,15.07,15.07
한려해상,2016년 04월,16.82,16.82
한려해상,2016년 05월,15.83,15.83
한려해상,2016년 06월,13.24,13.24
한려해상,2016년 07월,20.0,20.0
한려해상,2016년 08월,17.25,17.25
한려해상,2016년 09월,10.04,10.04
한려해상,2016년 10월,11.62,11.62
한려해상,2016년 11월,9.24,9.24
한려해상,2016년 12월,7.89,7.89
한려해상,2017년 01월,7.38,7.38
한려해상,2017년 02월,9.32,9.32
한려해상,2017년 03월,11.86,11.86
한려해상,2017년 04월,15.24,15.24
한려해상,2017년 05월,15.68,15.68
한려해상,2017년 06월,13.12,13.12
한려해상,2017년 07월,18.4,18.4
한려해상,2017년 08월,17.12,17.12
한려해상,2017년 09월,13.65,13.65
한려해상,2017년 10월,14.57,14.57
한려해상,2017년 11월,7.76,7.76
한려해상,2017년 12월,7.66,7.66
한려해상,2018년 01월,5.96,5.96
한려해상,2018년 02월,5.63,5.63
한려해상,2018년 03월,9.58,9.58
한려해상,2018년 04월,12.73,12.73
한려해상,2018년 05월,14.14,14.14
한려해상,2018년 06월,11.27,11.27
한려해상,2018년 07월,16.19,16.19
한려해상,2018년 08월,14.27,14.27
한려해상,2018년 09월,10.24,10.24
한려해상,2018년 10월,10.1,10.1
한려해상,2018년 11월,10.67,10.67
한려해상,2018년 12월,9.07,9.07
한려해상,2019년 01월,7.87,7.87
한려해상,2019년 02월,10.13,10.13
한려해상,2019년 03월,12.13,12.13
한려해상,2019년 04월,13.01,13.01
한려해상,2019년 05월,14.16,14.16
한려해상,2019년 06월,12.59,12.59
한려해상,2019년 07월,18.01,18.01
한려해상,2019년 08월,17.02,17.02
한려해상,2019년 09월,9.11,9.11
한려해상,2019년 10월,11.09,11.09
한려해상,2019년 11월,9.91,9.91
한려해상,2019년 12월,8.44,8.44
한려해상,2020년 01월,9.62,9.62
한려해상,2020년 02월,7.24,7.24
한려해상,2020년 03월,6.47,6.47
한려해상,2020년 04월,11.57,11.57
한려해상,2020년 05월,14.44,14.44
한려해상,2020년 06월,13.48,13.48
한려해상,2020년 07월,20.28,20.28
한려해상,2020년 08월,20.95,20.95
한려해상,2020년 09월,11.7,11.7
한려해상,2020년 10월,14.98,14.98
한려해상,2020년 11월,11.57,11.57
한려해상,2020년 12월,8.67,8.67
한려해상,2021년 01월,8.72,8.72
한려해상,2021년 02월,11.27,11.27
한려해상,2021년 03월,11.36,11.36
한려해상,2021년 04월,13.72,13.72
한려해상,2021년 05월,16.56,16.56
한려해상,2021년 06월,16.9,16.9
한려해상,2021년 07월,18.62,18.62
한려해상,2021년 08월,19.45,19.45
한려해상,2021년 09월,14.68,14.68
한려해상,2021년 10월,15.14,15.14
한려해상,2021년 11월,12.18,12.18
한려해상,2021년 12월,11.62,11.62
한려해상,2022년 01월,12.09,12.09
한려해상,2022년 02월,11.68,11.68
한려해상,2022년 03월,12.4,12.4
한려해상,2022년 04월,15.32,15.32
한려해상,2022년 05월,19.31,19.31
한려해상,2022년 06월,17.77,17.77
한려해상,2022년 07월,21.47,21.47
한려해상,2022년 08월,21.87,21.87
한려해상,2022년 09월,13.99,13.99
한려해상,2022년 10월,10.42,10.42
한려해상,2022년 11월,7.09,7.09
한려해상,2022년 12월,6.79,6.79
한려해상,2023년 01월,6.82,6.82
한려해상,2023년 02월,7.36,7.36
한려해상,2023년 03월,9.83,9.83
한려해상,2023년 04월,10.46,10.46
한려해상,2023년 05월,12.18,12.18
한려해상,2023년 06월,11.28,11.28
한려해상,2023년 07월,10.48,10.48
한려해상,2023년 08월,11.25,11.25
한려해상,2023년 09월,8.15,8.15
한려해상,2023년 10월,8.23,8.23
한려해상,2023년 11월,6.5,6.5
한려해상,2023년 12월,6.84,6.84
한려해상,2024년 01월,6.32,6.32
한려해상,2024년 02월,7.08,7.08
한려해상,2024년 03월,8.39,8.39
한려해상,2024년 04월,8.09,8.09
한려해상,2024년 05월,9.03,9.03
한려해상,2024년 06월,9.02,9.02
한려해상,2024년 07월,9.94,9.94
한려해상,2024년 08월,12.26,12.26
한려해상,2024년 09월,8.53,8.53
한려해상,2024년 10월,7.72,7.72
한려해상,2024년 11월,3.14,3.14
한려해상,2024년 12월,2.97,2.97
한려해상,2025년 01월,2.96,2.96
한려해상,2025년 02월,3.92,3.92
한려해상,2025년 03월,7.86,7.86
한려해상,2025년 04월,9.29,9.29
한려해상,2025년 05월,10.89,10.89
한려해상,2025년 06월,10.13,10.13
한려해상,2025년 07월,12.39,12.39
한려해상,2025년 08월,13.67,13.67
한려해상,2025년 09월,8.14,8.14
한려해상,2025년 10월,9.28,9.28
한려해상,2025년 11월,6.0,6.0
한려해상,2025년 12월,5.64,5.64
한려해상,2026년 01월,6.3,6.3
한려해상,2026년 02월,5.91,5.91
한려해상,2026년 03월,6.81,6.81
한려해상,2026년 04월,7.72,7.72
한려해상,2026년 05월,7.7,7.7
한려해상,2026년 06월,6.71,6.71
한려해상,2026년 07월,7.63,7.63
한려해상,2026년 08월,7.94,7.94
