공원,출동·대응,실종·수색,실족·추락,심정지·응급질환,기타,조난·고립,헬기·이송,수난사고,벌쏘임·동물피해,합계
주왕산,21,432,106,8,1,9,2,9,0,588
지리산,101,26,17,16,58,55,4,2,0,279
한라산,99,3,13,73,15,17,19,5,7,251
설악산,84,5,75,34,20,12,10,3,0,243
북한산,116,12,16,18,22,1,0,1,1,187
덕유산,46,1,4,17,6,24,8,8,0,114
무등산,70,8,4,9,10,4,1,3,1,110
계룡산,72,7,5,6,5,4,3,0,0,102
속리산,49,7,20,13,9,0,2,1,0,101
내장산,58,0,2,3,8,1,3,0,0,75
소백산,32,8,4,5,6,6,3,0,0,64
월출산,31,0,8,4,8,0,2,0,0,53
치악산,21,0,3,11,10,4,0,1,0,50
태백산,29,3,2,8,5,1,0,2,0,50
변산반도,30,0,0,0,7,0,0,5,0,42
경주,28,0,0,0,5,2,0,1,0,36
오대산,9,2,2,5,8,1,0,0,0,27
팔공산,10,2,4,1,3,1,2,1,0,24
월악산,11,3,6,4,0,0,0,0,0,24
가야산,12,0,2,5,0,2,0,0,0,21
태안해안,16,0,0,0,0,1,0,0,0,17
한려해상,8,0,1,1,3,0,0,0,0,13
금정산,2,0,2,0,2,0,3,0,0,9
다도해해상,0,0,0,1,0,0,0,0,0,1
