공원,구조활동,재난안전,자원보전,탐방시설,행정,기타,합계,최다분야
한라산,250,188,267,964,75,101,1845,탐방시설
지리산,280,279,369,554,136,102,1720,탐방시설
경주,36,341,163,487,153,104,1284,탐방시설
소백산,64,164,352,426,121,63,1190,탐방시설
주왕산,599,128,96,276,41,29,1169,구조활동
속리산,101,155,195,493,102,54,1100,탐방시설
설악산,222,160,103,414,66,45,1010,탐방시설
내장산,74,105,151,448,118,91,987,탐방시설
덕유산,114,160,121,384,92,83,954,탐방시설
팔공산,24,66,238,327,201,36,892,탐방시설
금정산,8,24,148,199,453,29,861,행정
북한산,187,105,141,254,67,82,836,탐방시설
가야산,20,77,205,350,166,18,836,탐방시설
계룡산,102,108,141,313,76,52,792,탐방시설
무등산,104,82,186,262,63,73,770,탐방시설
치악산,50,68,105,374,73,82,752,탐방시설
월악산,26,99,147,322,80,27,701,탐방시설
오대산,26,81,176,255,74,44,656,탐방시설
월출산,53,56,98,314,41,60,622,탐방시설
태백산,51,77,82,288,80,22,600,탐방시설
태안해안,17,70,112,213,61,19,492,탐방시설
변산반도,42,53,63,129,67,21,375,탐방시설
한려해상,13,37,67,163,55,10,345,탐방시설
다도해해상,1,30,33,85,24,5,178,탐방시설
