분야,연도,순위,키워드,빈도,기사수,출현율(%)
구조활동,2026,1,초등생,464,1142,40.6
구조활동,2026,2,주왕산,451,1142,39.5
구조활동,2026,3,실종,419,1142,36.7
구조활동,2026,4,수색,141,1142,12.3
구조활동,2026,5,숨진,141,1142,12.3
구조활동,2026,6,발견,136,1142,11.9
구조활동,2026,7,청송,110,1142,9.6
구조활동,2026,8,사망,91,1142,8.0
구조활동,2026,9,주왕산서,85,1142,7.4
구조활동,2026,10,이틀째,80,1142,7.0
구조활동,2026,11,헬기,72,1142,6.3
구조활동,2026,12,구조,66,1142,5.8
구조활동,2026,13,손상,66,1142,5.8
구조활동,2026,14,만에,64,1142,5.6
구조활동,2026,15,설악산,63,1142,5.5
구조활동,2026,16,추락,61,1142,5.3
구조활동,2026,17,부검,57,1142,5.0
구조활동,2026,18,의한,56,1142,4.9
구조활동,2026,19,사흘째,56,1142,4.9
구조활동,2026,20,1차,54,1142,4.7
구조활동,2025,1,설악산,42,748,5.6
구조활동,2025,2,60대,41,748,5.5
구조활동,2025,3,합동,38,748,5.1
구조활동,2025,4,산악사고,38,748,5.1
구조활동,2025,5,대비,35,748,4.7
구조활동,2025,6,한라산,34,748,4.5
구조활동,2025,7,강원,33,748,4.4
구조활동,2025,8,사고,30,748,4.0
구조활동,2025,9,산불,28,748,3.7
구조활동,2025,10,항공기,28,748,3.7
구조활동,2025,11,가을철,26,748,3.5
구조활동,2025,12,결항,25,748,3.3
구조활동,2025,13,여객선,25,748,3.3
구조활동,2025,14,제주,24,748,3.2
구조활동,2025,15,구조,24,748,3.2
구조활동,2025,16,CJ대한통운,24,748,3.2
구조활동,2025,17,속출,23,748,3.1
구조활동,2025,18,캠페인,22,748,2.9
구조활동,2025,19,수상,19,748,2.5
구조활동,2025,20,패키지,19,748,2.5
구조활동,2024,1,등산객,37,468,7.9
구조활동,2024,2,산악사고,35,468,7.5
구조활동,2024,3,구조,29,468,6.2
구조활동,2024,4,대비,25,468,5.3
구조활동,2024,5,지리산,19,468,4.1
구조활동,2024,6,광주,19,468,4.1
구조활동,2024,7,합동,19,468,4.1
구조활동,2024,8,40대,17,468,3.6
구조활동,2024,9,합동훈련,15,468,3.2
구조활동,2024,10,가을철,14,468,3.0
구조활동,2024,11,특수산악구조팀,14,468,3.0
구조활동,2024,12,을사년,13,468,2.8
구조활동,2024,13,산악구조,13,468,2.8
구조활동,2024,14,혁명적,13,468,2.8
구조활동,2024,15,여수향일암일출제,12,468,2.6
구조활동,2024,16,제주,12,468,2.6
구조활동,2024,17,잇따라,12,468,2.6
구조활동,2024,18,발로,12,468,2.6
구조활동,2024,19,유관기관,12,468,2.6
구조활동,2024,20,봄철,12,468,2.6
구조활동,2023,1,한라산,50,537,9.3
구조활동,2023,2,산악사고,36,537,6.7
구조활동,2023,3,합동,34,537,6.3
구조활동,2023,4,대비,33,537,6.1
구조활동,2023,5,저체온증,31,537,5.8
구조활동,2023,6,구조,26,537,4.8
구조활동,2023,7,사망,25,537,4.7
구조활동,2023,8,훈련,23,537,4.3
구조활동,2023,9,북한산,22,537,4.1
구조활동,2023,10,거제,21,537,3.9
구조활동,2023,11,거북선,18,537,3.4
구조활동,2023,12,4명,17,537,3.2
구조활동,2023,13,제주,16,537,3.0
구조활동,2023,14,추락,16,537,3.0
구조활동,2023,15,수학여행,16,537,3.0
구조활동,2023,16,광주,15,537,2.8
구조활동,2023,17,50대,15,537,2.8
구조활동,2023,18,가을철,15,537,2.8
구조활동,2023,19,산악구조,14,537,2.6
구조활동,2023,20,확대,14,537,2.6
구조활동,2022,1,합동,19,339,5.6
구조활동,2022,2,전북,17,339,5.0
구조활동,2022,3,산악사고,16,339,4.7
구조활동,2022,4,7곳,15,339,4.4
구조활동,2022,5,한국관광,15,339,4.4
구조활동,2022,6,해수욕장,15,339,4.4
구조활동,2022,7,개장,15,339,4.4
구조활동,2022,8,제주,13,339,3.8
구조활동,2022,9,선정,12,339,3.5
구조활동,2022,10,유관기관,11,339,3.2
구조활동,2022,11,삼천포,11,339,3.2
구조활동,2022,12,e편한세상,11,339,3.2
구조활동,2022,13,7월,11,339,3.2
구조활동,2022,14,여수향일암일출제,10,339,2.9
구조활동,2022,15,100선,10,339,2.9
구조활동,2022,16,산악구조훈련,10,339,2.9
구조활동,2022,17,가을철,10,339,2.9
구조활동,2022,18,대비,10,339,2.9
구조활동,2022,19,힌남노,10,339,2.9
구조활동,2022,20,9일,10,339,2.9
구조활동,2021,1,지리산,193,522,37.0
구조활동,2021,2,전지현,90,522,17.2
구조활동,2021,3,주지훈,60,522,11.5
구조활동,2021,4,김은희,53,522,10.2
구조활동,2021,5,작가,40,522,7.7
구조활동,2021,6,구조,33,522,6.3
구조활동,2021,7,전지현X주지훈,33,522,6.3
구조활동,2021,8,산악사고,27,522,5.2
구조활동,2021,9,합동,27,522,5.2
구조활동,2021,10,공개,26,522,5.0
구조활동,2021,11,대비,22,522,4.2
구조활동,2021,12,성동일,21,522,4.0
구조활동,2021,13,조난자,18,522,3.4
구조활동,2021,14,오정세,17,522,3.3
구조활동,2021,15,산악구조훈련,15,522,2.9
구조활동,2021,16,레인저,15,522,2.9
구조활동,2021,17,좋은,15,522,2.9
구조활동,2021,18,원군,14,522,2.7
구조활동,2021,19,드라마,13,522,2.5
구조활동,2021,20,가을철,13,522,2.5
구조활동,2020,1,실종,48,343,14.0
구조활동,2020,2,사망,38,343,11.1
구조활동,2020,3,종합,28,343,8.2
구조활동,2020,4,이재민,22,343,6.4
구조활동,2020,5,대비,19,343,5.5
구조활동,2020,6,일자리,18,343,5.2
구조활동,2020,7,정보,18,343,5.2
구조활동,2020,8,피해,17,343,5.0
구조활동,2020,9,취업,17,343,5.0
구조활동,2020,10,합동,13,343,3.8
구조활동,2020,11,영암군,13,343,3.8
구조활동,2020,12,하이선,13,343,3.8
구조활동,2020,13,구조,12,343,3.5
구조활동,2020,14,산악사고,12,343,3.5
구조활동,2020,15,13명,12,343,3.5
구조활동,2020,16,부상,11,343,3.2
구조활동,2020,17,한라산,11,343,3.2
구조활동,2020,18,수도권,11,343,3.2
구조활동,2020,19,6명,11,343,3.2
구조활동,2020,20,계약,11,343,3.2
구조활동,2019,1,정보,37,362,10.2
구조활동,2019,2,종합,36,362,9.9
구조활동,2019,3,일자리,31,362,8.6
구조활동,2019,4,취업,31,362,8.6
구조활동,2019,5,북한산,30,362,8.3
구조활동,2019,6,캠페인,26,362,7.2
구조활동,2019,7,동국제약,20,362,5.5
구조활동,2019,8,산행안전,18,362,5.0
구조활동,2019,9,숨진,16,362,4.4
구조활동,2019,10,실종,14,362,3.9
구조활동,2019,11,발견,14,362,3.9
구조활동,2019,12,속리산서,14,362,3.9
구조활동,2019,13,안전사고,14,362,3.9
구조활동,2019,14,사망,14,362,3.9
구조활동,2019,15,임원,13,362,3.6
구조활동,2019,16,강화,13,362,3.6
구조활동,2019,17,국립공원공단,13,362,3.6
구조활동,2019,18,청주,12,362,3.3
구조활동,2019,19,운영,12,362,3.3
구조활동,2019,20,갯벌,12,362,3.3
구조활동,2018,1,캠페인,17,282,6.0
구조활동,2018,2,안전,15,282,5.3
구조활동,2018,3,산행,15,282,5.3
구조활동,2018,4,합동,15,282,5.3
구조활동,2018,5,환경,13,282,4.6
구조활동,2018,6,산악사고,12,282,4.3
구조활동,2018,7,제주,11,282,3.9
구조활동,2018,8,심장충격기,11,282,3.9
구조활동,2018,9,한라산,11,282,3.9
구조활동,2018,10,전달,10,282,3.5
구조활동,2018,11,대비,10,282,3.5
구조활동,2018,12,관광공사,10,282,3.5
구조활동,2018,13,드론,9,282,3.2
구조활동,2018,14,사망,9,282,3.2
구조활동,2018,15,덕유산국립공원,9,282,3.2
구조활동,2018,16,관광지,9,282,3.2
구조활동,2018,17,추진,9,282,3.2
구조활동,2018,18,겨울철,8,282,2.8
구조활동,2018,19,헬기,8,282,2.8
구조활동,2018,20,태백,8,282,2.8
구조활동,2017,1,운영,12,203,5.9
구조활동,2017,2,등산객,11,203,5.4
구조활동,2017,3,가을철,11,203,5.4
구조활동,2017,4,합동,11,203,5.4
구조활동,2017,5,훈련,11,203,5.4
구조활동,2017,6,안전지킴이,9,203,4.4
구조활동,2017,7,태안군,9,203,4.4
구조활동,2017,8,등산목,8,203,3.9
구조활동,2017,9,발견,8,203,3.9
구조활동,2017,10,실종,8,203,3.9
구조활동,2017,11,구조,8,203,3.9
구조활동,2017,12,해수욕장,8,203,3.9
구조활동,2017,13,대비,7,203,3.4
구조활동,2017,14,산악구조훈련,7,203,3.4
구조활동,2017,15,잇따라,7,203,3.4
구조활동,2017,16,인명구조,7,203,3.4
구조활동,2017,17,보은소방서,6,203,3.0
구조활동,2017,18,산행,6,203,3.0
구조활동,2017,19,산악사고,6,203,3.0
구조활동,2017,20,안전사고,6,203,3.0
구조활동,2016,1,구조,28,262,10.7
구조활동,2016,2,한라산,23,262,8.8
구조활동,2016,3,등산객,15,262,5.7
구조활동,2016,4,산악사고,14,262,5.3
구조활동,2016,5,60대,14,262,5.3
구조활동,2016,6,공주소방서,12,262,4.6
구조활동,2016,7,훈련,11,262,4.2
구조활동,2016,8,실종,10,262,3.8
구조활동,2016,9,인명구조,9,262,3.4
구조활동,2016,10,합동,9,262,3.4
구조활동,2016,11,계룡산,9,262,3.4
구조활동,2016,12,해수욕장,9,262,3.4
구조활동,2016,13,발견,9,262,3.4
구조활동,2016,14,계룡산서,8,262,3.1
구조활동,2016,15,안전사고,7,262,2.7
구조활동,2016,16,가을철,7,262,2.7
구조활동,2016,17,피해,7,262,2.7
구조활동,2016,18,한라산국립공원,7,262,2.7
구조활동,2016,19,50대,7,262,2.7
구조활동,2016,20,숨진,7,262,2.7
재난안전,2026,1,산불,373,1760,21.2
재난안전,2026,2,봄철,152,1760,8.6
재난안전,2026,3,피해,147,1760,8.4
재난안전,2026,4,통제,142,1760,8.1
재난안전,2026,5,캠페인,128,1760,7.3
재난안전,2026,6,예방,121,1760,6.9
재난안전,2026,7,산불예방,111,1760,6.3
재난안전,2026,8,합동,103,1760,5.9
재난안전,2026,9,탐방로,84,1760,4.8
재난안전,2026,10,폭우,82,1760,4.7
재난안전,2026,11,대응,77,1760,4.4
재난안전,2026,12,안전,70,1760,4.0
재난안전,2026,13,전국,61,1760,3.5
재난안전,2026,14,침수,60,1760,3.4
재난안전,2026,15,점검,57,1760,3.2
재난안전,2026,16,속출,56,1760,3.2
재난안전,2026,17,잇따라,56,1760,3.2
재난안전,2026,18,대피,55,1760,3.1
재난안전,2026,19,강화,54,1760,3.1
재난안전,2026,20,유관기관,54,1760,3.1
재난안전,2025,1,산불,616,2257,27.3
재난안전,2025,2,통제,250,2257,11.1
재난안전,2025,3,피해,176,2257,7.8
재난안전,2025,4,탐방로,161,2257,7.1
재난안전,2025,5,예방,137,2257,6.1
재난안전,2025,6,산불예방,133,2257,5.9
재난안전,2025,7,폭설,128,2257,5.7
재난안전,2025,8,산청,113,2257,5.0
재난안전,2025,9,강원,110,2257,4.9
재난안전,2025,10,캠페인,99,2257,4.4
재난안전,2025,11,광주,99,2257,4.4
재난안전,2025,12,전남,92,2257,4.1
재난안전,2025,13,지리산,89,2257,3.9
재난안전,2025,14,잇따라,85,2257,3.8
재난안전,2025,15,폭설에,81,2257,3.6
재난안전,2025,16,경북,79,2257,3.5
재난안전,2025,17,속출,76,2257,3.4
재난안전,2025,18,항공기,72,2257,3.2
재난안전,2025,19,가을철,69,2257,3.1
재난안전,2025,20,일부,68,2257,3.0
재난안전,2024,1,산사태,126,1141,11.0
재난안전,2024,2,통제,120,1141,10.5
재난안전,2024,3,피해,100,1141,8.8
재난안전,2024,4,탐방로,81,1141,7.1
재난안전,2024,5,토함산,76,1141,6.7
재난안전,2024,6,결항,70,1141,6.1
재난안전,2024,7,경주,70,1141,6.1
재난안전,2024,8,속출,68,1141,6.0
재난안전,2024,9,예방,68,1141,6.0
재난안전,2024,10,전남,63,1141,5.5
재난안전,2024,11,전국,63,1141,5.5
재난안전,2024,12,광주,62,1141,5.4
재난안전,2024,13,산불,62,1141,5.4
재난안전,2024,14,폭설,60,1141,5.3
재난안전,2024,15,강원,58,1141,5.1
재난안전,2024,16,합동,57,1141,5.0
재난안전,2024,17,땅밀림,50,1141,4.4
재난안전,2024,18,봄철,48,1141,4.2
재난안전,2024,19,잇따라,43,1141,3.8
재난안전,2024,20,산불예방,42,1141,3.7
재난안전,2023,1,통제,100,870,11.5
재난안전,2023,2,산불,86,870,9.9
재난안전,2023,3,피해,85,870,9.8
재난안전,2023,4,탐방로,70,870,8.0
재난안전,2023,5,전남,62,870,7.1
재난안전,2023,6,광주,60,870,6.9
재난안전,2023,7,속출,57,870,6.6
재난안전,2023,8,강원,51,870,5.9
재난안전,2023,9,종합,48,870,5.5
재난안전,2023,10,예방,48,870,5.5
재난안전,2023,11,태풍,43,870,4.9
재난안전,2023,12,카눈,40,870,4.6
재난안전,2023,13,잇따라,39,870,4.5
재난안전,2023,14,하동,38,870,4.4
재난안전,2023,15,전국,37,870,4.3
재난안전,2023,16,국립공원공단,36,870,4.1
재난안전,2023,17,일부,35,870,4.0
재난안전,2023,18,잼버리,32,870,3.7
재난안전,2023,19,대피,32,870,3.7
재난안전,2023,20,곳곳,31,870,3.6
재난안전,2022,1,제주,51,443,11.5
재난안전,2022,2,통제,48,443,10.8
재난안전,2022,3,탐방로,47,443,10.6
재난안전,2022,4,태풍,44,443,9.9
재난안전,2022,5,힌남노,35,443,7.9
재난안전,2022,6,폭설,32,443,7.2
재난안전,2022,7,과태료,25,443,5.6
재난안전,2022,8,산불,25,443,5.6
재난안전,2022,9,피해,21,443,4.7
재난안전,2022,10,산불예방,21,443,4.7
재난안전,2022,11,잇따라,20,443,4.5
재난안전,2022,12,캠페인,20,443,4.5
재난안전,2022,13,난마돌,20,443,4.5
재난안전,2022,14,합동,19,443,4.3
재난안전,2022,15,흡연,19,443,4.3
재난안전,2022,16,봄철,19,443,4.3
재난안전,2022,17,강화,18,443,4.1
재난안전,2022,18,속출,16,443,3.6
재난안전,2022,19,예방,16,443,3.6
재난안전,2022,20,하늘,15,443,3.4
재난안전,2021,1,피해,36,310,11.6
재난안전,2021,2,강원,24,310,7.7
재난안전,2021,3,속출,23,310,7.4
재난안전,2021,4,태풍,21,310,6.8
재난안전,2021,5,통제,18,310,5.8
재난안전,2021,6,사망,17,310,5.5
재난안전,2021,7,지리산,16,310,5.2
재난안전,2021,8,산불,15,310,4.8
재난안전,2021,9,오마이스,15,310,4.8
재난안전,2021,10,폭설,14,310,4.5
재난안전,2021,11,잇따라,14,310,4.5
재난안전,2021,12,교통사고,14,310,4.5
재난안전,2021,13,봄철,14,310,4.5
재난안전,2021,14,1명,13,310,4.2
재난안전,2021,15,탐방로,12,310,3.9
재난안전,2021,16,고립,12,310,3.9
재난안전,2021,17,합동,12,310,3.9
재난안전,2021,18,곳곳,11,310,3.5
재난안전,2021,19,종합,11,310,3.5
재난안전,2021,20,점검,11,310,3.5
재난안전,2020,1,점검,25,319,7.8
재난안전,2020,2,통제,18,319,5.6
재난안전,2020,3,안전사고,16,319,5.0
재난안전,2020,4,피해,16,319,5.0
재난안전,2020,5,강원,15,319,4.7
재난안전,2020,6,물놀이,15,319,4.7
재난안전,2020,7,탐방로,14,319,4.4
재난안전,2020,8,국립공원공단,14,319,4.4
재난안전,2020,9,태풍,14,319,4.4
재난안전,2020,10,예방,12,319,3.8
재난안전,2020,11,여름철,12,319,3.8
재난안전,2020,12,태안해안국립공원,11,319,3.4
재난안전,2020,13,산불예방,11,319,3.4
재난안전,2020,14,안전,11,319,3.4
재난안전,2020,15,경주국립공원,11,319,3.4
재난안전,2020,16,탄소중립,10,319,3.1
재난안전,2020,17,특별,10,319,3.1
재난안전,2020,18,사망,10,319,3.1
재난안전,2020,19,환경부,9,319,2.8
재난안전,2020,20,운영,9,319,2.8
재난안전,2019,1,태풍,43,283,15.2
재난안전,2019,2,예방,21,283,7.4
재난안전,2019,3,점검,21,283,7.4
재난안전,2019,4,물놀이,21,283,7.4
재난안전,2019,5,국립공원공단,17,283,6.0
재난안전,2019,6,피해,16,283,5.7
재난안전,2019,7,합동,15,283,5.3
재난안전,2019,8,권경업,14,283,4.9
재난안전,2019,9,이사장,14,283,4.9
재난안전,2019,10,안전점검,14,283,4.9
재난안전,2019,11,캠페인,14,283,4.9
재난안전,2019,12,강원,13,283,4.6
재난안전,2019,13,전국,12,283,4.2
재난안전,2019,14,부안해경,11,283,3.9
재난안전,2019,15,북한산,11,283,3.9
재난안전,2019,16,안전사고,11,283,3.9
재난안전,2019,17,태안해안국립공원,11,283,3.9
재난안전,2019,18,침수,11,283,3.9
재난안전,2019,19,속출,10,283,3.5
재난안전,2019,20,태백산,10,283,3.5
재난안전,2018,1,태풍,41,229,17.9
재난안전,2018,2,솔릭,25,229,10.9
재난안전,2018,3,대설주의보,16,229,7.0
재난안전,2018,4,덕유산국립공원,15,229,6.6
재난안전,2018,5,탐방로,15,229,6.6
재난안전,2018,6,통제,14,229,6.1
재난안전,2018,7,캠페인,13,229,5.7
재난안전,2018,8,예방,13,229,5.7
재난안전,2018,9,국립공원관리공단,12,229,5.2
재난안전,2018,10,안전사고,12,229,5.2
재난안전,2018,11,피해,12,229,5.2
재난안전,2018,12,전남,11,229,4.8
재난안전,2018,13,전면통제,11,229,4.8
재난안전,2018,14,물놀이,11,229,4.8
재난안전,2018,15,광주,10,229,4.4
재난안전,2018,16,개방,10,229,4.4
재난안전,2018,17,점검,10,229,4.4
재난안전,2018,18,산불예방,10,229,4.4
재난안전,2018,19,잇따라,10,229,4.4
재난안전,2018,20,설경,9,229,3.9
재난안전,2017,1,탐방로,17,191,8.9
재난안전,2017,2,통제,13,191,6.8
재난안전,2017,3,캠페인,13,191,6.8
재난안전,2017,4,대비,11,191,5.8
재난안전,2017,5,겨울철,10,191,5.2
재난안전,2017,6,안전사고,10,191,5.2
재난안전,2017,7,물놀이,9,191,4.7
재난안전,2017,8,사고,8,191,4.2
재난안전,2017,9,덕유산국립공원,8,191,4.2
재난안전,2017,10,강원,7,191,3.7
재난안전,2017,11,오대산,7,191,3.7
재난안전,2017,12,예방,7,191,3.7
재난안전,2017,13,산불예방,7,191,3.7
재난안전,2017,14,훈련,6,191,3.1
재난안전,2017,15,재난대응,6,191,3.1
재난안전,2017,16,합동,6,191,3.1
재난안전,2017,17,주의보,5,191,2.6
재난안전,2017,18,화재,5,191,2.6
재난안전,2017,19,주의,5,191,2.6
재난안전,2017,20,폭설,5,191,2.6
재난안전,2016,1,통제,32,238,13.4
재난안전,2016,2,탐방로,31,238,13.0
재난안전,2016,3,한파,15,238,6.3
재난안전,2016,4,점검,14,238,5.9
재난안전,2016,5,지진,14,238,5.9
재난안전,2016,6,설악산,14,238,5.9
재난안전,2016,7,개통,13,238,5.5
재난안전,2016,8,울산,13,238,5.5
재난안전,2016,9,피해,11,238,4.6
재난안전,2016,10,일부,10,238,4.2
재난안전,2016,11,개방,10,238,4.2
재난안전,2016,12,경주,10,238,4.2
재난안전,2016,13,충북,10,238,4.2
재난안전,2016,14,소백산,10,238,4.2
재난안전,2016,15,재산피해,9,238,3.8
재난안전,2016,16,포항,9,238,3.8
재난안전,2016,17,계곡,9,238,3.8
재난안전,2016,18,속출,9,238,3.8
재난안전,2016,19,한파특보,9,238,3.8
재난안전,2016,20,구간,8,238,3.4
자원보전,2026,1,멸종위기,161,1747,9.2
자원보전,2026,2,개화,119,1747,6.8
자원보전,2026,3,멸종위기종,79,1747,4.5
자원보전,2026,4,지리산,64,1747,3.7
자원보전,2026,5,보전,64,1747,3.7
자원보전,2026,6,불법,63,1747,3.6
자원보전,2026,7,한라산,61,1747,3.5
자원보전,2026,8,복원,59,1747,3.4
자원보전,2026,9,야생동물,57,1747,3.3
자원보전,2026,10,생태계,56,1747,3.2
자원보전,2026,11,가볼,54,1747,3.1
자원보전,2026,12,국립공원공단,54,1747,3.1
자원보전,2026,13,만한,53,1747,3.0
자원보전,2026,14,확인,52,1747,3.0
자원보전,2026,15,야생생물,49,1747,2.8
자원보전,2026,16,금정산,44,1747,2.5
자원보전,2026,17,가스공사,40,1747,2.3
자원보전,2026,18,보호,39,1747,2.2
자원보전,2026,19,복수초,39,1747,2.2
자원보전,2026,20,생물다양성,37,1747,2.1
자원보전,2025,1,보전,96,1830,5.2
자원보전,2025,2,멸종위기,89,1830,4.9
자원보전,2025,3,개화,87,1830,4.8
자원보전,2025,4,활동,73,1830,4.0
자원보전,2025,5,생태계,72,1830,3.9
자원보전,2025,6,지리산,67,1830,3.7
자원보전,2025,7,국립공원공단,66,1830,3.6
자원보전,2025,8,집중단속,61,1830,3.3
자원보전,2025,9,선정,57,1830,3.1
자원보전,2025,10,팔공산,53,1830,2.9
자원보전,2025,11,산양,52,1830,2.8
자원보전,2025,12,금정산,52,1830,2.8
자원보전,2025,13,불법,51,1830,2.8
자원보전,2025,14,생물다양성,51,1830,2.8
자원보전,2025,15,KT,48,1830,2.6
자원보전,2025,16,복원,47,1830,2.6
자원보전,2025,17,보호,44,1830,2.4
자원보전,2025,18,생태복원,44,1830,2.4
자원보전,2025,19,불법행위,43,1830,2.3
자원보전,2025,20,북한산,41,1830,2.2
자원보전,2024,1,보전,52,1366,3.8
자원보전,2024,2,선정,50,1366,3.7
자원보전,2024,3,페스티벌,49,1366,3.6
자원보전,2024,4,불법,47,1366,3.4
자원보전,2024,5,멸종위기,47,1366,3.4
자원보전,2024,6,지정,46,1366,3.4
자원보전,2024,7,지구하다,45,1366,3.3
자원보전,2024,8,무등산,43,1366,3.1
자원보전,2024,9,국립공원공단,40,1366,2.9
자원보전,2024,10,지리산,36,1366,2.6
자원보전,2024,11,집중단속,36,1366,2.6
자원보전,2024,12,개화,36,1366,2.6
자원보전,2024,13,보호,35,1366,2.6
자원보전,2024,14,활동,34,1366,2.5
자원보전,2024,15,생태계,33,1366,2.4
자원보전,2024,16,복원,32,1366,2.3
자원보전,2024,17,환경부,32,1366,2.3
자원보전,2024,18,광주,31,1366,2.3
자원보전,2024,19,공개,30,1366,2.2
자원보전,2024,20,발견,29,1366,2.1
자원보전,2023,1,영암군,38,962,4.0
자원보전,2023,2,집중단속,38,962,4.0
자원보전,2023,3,불법행위,38,962,4.0
자원보전,2023,4,ESG,33,962,3.4
자원보전,2023,5,서식지,33,962,3.4
자원보전,2023,6,KT,32,962,3.3
자원보전,2023,7,보전,31,962,3.2
자원보전,2023,8,북한산,31,962,3.2
자원보전,2023,9,개화,31,962,3.2
자원보전,2023,10,삼양식품,29,962,3.0
자원보전,2023,11,멸종위기,28,962,2.9
자원보전,2023,12,활동,28,962,2.9
자원보전,2023,13,G복지재단,28,962,2.9
자원보전,2023,14,캠페인,27,962,2.8
자원보전,2023,15,한라산,27,962,2.8
자원보전,2023,16,복원,24,962,2.5
자원보전,2023,17,기부,23,962,2.4
자원보전,2023,18,보호,23,962,2.4
자원보전,2023,19,생태복원,23,962,2.4
자원보전,2023,20,생물,22,962,2.3
자원보전,2022,1,멸종위기,32,558,5.7
자원보전,2022,2,개화,30,558,5.4
자원보전,2022,3,국내,23,558,4.1
자원보전,2022,4,여행지,22,558,3.9
자원보전,2022,5,제주,20,558,3.6
자원보전,2022,6,불법,20,558,3.6
자원보전,2022,7,한라산,20,558,3.6
자원보전,2022,8,SRT,18,558,3.2
자원보전,2022,9,발견,17,558,3.0
자원보전,2022,10,선정,16,558,2.9
자원보전,2022,11,생태계,16,558,2.9
자원보전,2022,12,기념주화,15,558,2.7
자원보전,2022,13,불법행위,14,558,2.5
자원보전,2022,14,행위,14,558,2.5
자원보전,2022,15,집중단속,13,558,2.3
자원보전,2022,16,특별단속,13,558,2.3
자원보전,2022,17,활동,13,558,2.3
자원보전,2022,18,최고의,12,558,2.2
자원보전,2022,19,최고,12,558,2.2
자원보전,2022,20,여름철,12,558,2.2
자원보전,2021,1,복원,28,493,5.7
자원보전,2021,2,기념주화,25,493,5.1
자원보전,2021,3,발견,23,493,4.7
자원보전,2021,4,소백산,20,493,4.1
자원보전,2021,5,멸종위기,19,493,3.9
자원보전,2021,6,생태계,18,493,3.7
자원보전,2021,7,한국의,18,493,3.7
자원보전,2021,8,국내,17,493,3.4
자원보전,2021,9,불법,17,493,3.4
자원보전,2021,10,특별단속,17,493,3.4
자원보전,2021,11,휴게소,17,493,3.4
자원보전,2021,12,집중단속,16,493,3.2
자원보전,2021,13,속리산국립공원,15,493,3.0
자원보전,2021,14,조폐공사,15,493,3.0
자원보전,2021,15,서식,14,493,2.8
자원보전,2021,16,제주,13,493,2.6
자원보전,2021,17,3곳,13,493,2.6
자원보전,2021,18,수달래,13,493,2.6
자원보전,2021,19,확인,12,493,2.4
자원보전,2021,20,속리산,12,493,2.4
자원보전,2020,1,멸종위기,25,491,5.1
자원보전,2020,2,추진,22,491,4.5
자원보전,2020,3,발견,21,491,4.3
자원보전,2020,4,집중단속,21,491,4.3
자원보전,2020,5,환경부,20,491,4.1
자원보전,2020,6,매미나방,18,491,3.7
자원보전,2020,7,확인,17,491,3.5
자원보전,2020,8,단양군,17,491,3.5
자원보전,2020,9,정부예산,17,491,3.5
자원보전,2020,10,소백산,16,491,3.3
자원보전,2020,11,임산물,15,491,3.1
자원보전,2020,12,충남도,15,491,3.1
자원보전,2020,13,확보,15,491,3.1
자원보전,2020,14,반달가슴곰,15,491,3.1
자원보전,2020,15,복원,14,491,2.9
자원보전,2020,16,서식,14,491,2.9
자원보전,2020,17,멸종위기종,14,491,2.9
자원보전,2020,18,지정,13,491,2.6
자원보전,2020,19,국립공원공단,13,491,2.6
자원보전,2020,20,캠페인,13,491,2.6
자원보전,2019,1,집중단속,26,359,7.2
자원보전,2019,2,K2,22,359,6.1
자원보전,2019,3,제주,21,359,5.8
자원보전,2019,4,조성,15,359,4.2
자원보전,2019,5,시위,13,359,3.6
자원보전,2019,6,멸종위기,13,359,3.6
자원보전,2019,7,불법산행,13,359,3.6
자원보전,2019,8,산양,12,359,3.3
자원보전,2019,9,복원,12,359,3.3
자원보전,2019,10,비법정탐방로,12,359,3.3
자원보전,2019,11,고공,12,359,3.3
자원보전,2019,12,확인,11,359,3.1
자원보전,2019,13,불법,11,359,3.1
자원보전,2019,14,크레인,11,359,3.1
자원보전,2019,15,인사,11,359,3.1
자원보전,2019,16,한라산,10,359,2.8
자원보전,2019,17,무질서행위,10,359,2.8
자원보전,2019,18,종합,10,359,2.8
자원보전,2019,19,연휴,10,359,2.8
자원보전,2019,20,가야산,9,359,2.5
자원보전,2018,1,무주덕유산리조트,13,209,6.2
자원보전,2018,2,원앙,12,209,5.7
자원보전,2018,3,등방천,12,209,5.7
자원보전,2018,4,생태,11,209,5.3
자원보전,2018,5,흑산공항,11,209,5.3
자원보전,2018,6,정화작업,11,209,5.3
자원보전,2018,7,태안,10,209,4.8
자원보전,2018,8,환경,10,209,4.8
자원보전,2018,9,오대산,10,209,4.8
자원보전,2018,10,태안군,10,209,4.8
자원보전,2018,11,K2,9,209,4.3
자원보전,2018,12,전국,9,209,4.3
자원보전,2018,13,부영,9,209,4.3
자원보전,2018,14,지정,7,209,3.3
자원보전,2018,15,건설,7,209,3.3
자원보전,2018,16,조성,7,209,3.3
자원보전,2018,17,여행,6,209,2.9
자원보전,2018,18,모집,6,209,2.9
자원보전,2018,19,최초,6,209,2.9
자원보전,2018,20,생태복원,6,209,2.9
자원보전,2017,1,태안,19,282,6.7
자원보전,2017,2,멸종위기,18,282,6.4
자원보전,2017,3,반달가슴곰,18,282,6.4
자원보전,2017,4,지리산,18,282,6.4
자원보전,2017,5,충남도,16,282,5.7
자원보전,2017,6,유류피해,16,282,5.7
자원보전,2017,7,극복,16,282,5.7
자원보전,2017,8,기적,15,282,5.3
자원보전,2017,9,기념관,15,282,5.3
자원보전,2017,10,10년,13,282,4.6
자원보전,2017,11,서해,13,282,4.6
자원보전,2017,12,발견,11,282,3.9
자원보전,2017,13,준공,11,282,3.9
자원보전,2017,14,오대산,10,282,3.5
자원보전,2017,15,서해의,10,282,3.5
자원보전,2017,16,밀렵도구,10,282,3.5
자원보전,2017,17,멸종위기종,9,282,3.2
자원보전,2017,18,불법,9,282,3.2
자원보전,2017,19,긴점박이올빼미,9,282,3.2
자원보전,2017,20,김천까지,9,282,3.2
자원보전,2016,1,태안,58,340,17.1
자원보전,2016,2,상괭이,57,340,16.8
자원보전,2016,3,발견,55,340,16.2
자원보전,2016,4,웃는,41,340,12.1
자원보전,2016,5,100마리,36,340,10.6
자원보전,2016,6,멸종위기,34,340,10.0
자원보전,2016,7,고래,34,340,10.0
자원보전,2016,8,멸종위기종,21,340,6.2
자원보전,2016,9,이상,20,340,5.9
자원보전,2016,10,산양,19,340,5.6
자원보전,2016,11,앞바다서,19,340,5.6
자원보전,2016,12,방사,15,340,4.4
자원보전,2016,13,4마리,14,340,4.1
자원보전,2016,14,범고래,14,340,4.1
자원보전,2016,15,월악산,13,340,3.8
자원보전,2016,16,태안해안국립공원,12,340,3.5
자원보전,2016,17,황금박쥐,12,340,3.5
자원보전,2016,18,태안서,12,340,3.5
자원보전,2016,19,포착,11,340,3.2
자원보전,2016,20,생태계,11,340,3.2
탐방시설,2026,1,운영,187,3405,5.5
탐방시설,2026,2,가볼,186,3405,5.5
탐방시설,2026,3,만한,185,3405,5.4
탐방시설,2026,4,탐방로,133,3405,3.9
탐방시설,2026,5,한라산,132,3405,3.9
탐방시설,2026,6,국립공원공단,98,3405,2.9
탐방시설,2026,7,설악산,90,3405,2.6
탐방시설,2026,8,태백산,90,3405,2.6
탐방시설,2026,9,눈축제,85,3405,2.5
탐방시설,2026,10,탐방객,82,3405,2.4
탐방시설,2026,11,계곡,80,3405,2.3
탐방시설,2026,12,팔공산,77,3405,2.3
탐방시설,2026,13,관광,73,3405,2.1
탐방시설,2026,14,여름,72,3405,2.1
탐방시설,2026,15,프로그램,72,3405,2.1
탐방시설,2026,16,전국,71,3405,2.1
탐방시설,2026,17,체험,67,3405,2.0
탐방시설,2026,18,강원,64,3405,1.9
탐방시설,2026,19,모집,63,3405,1.9
탐방시설,2026,20,태백,58,3405,1.7
탐방시설,2025,1,한라산,352,4470,7.9
탐방시설,2025,2,운영,176,4470,3.9
탐방시설,2025,3,탐방로,148,4470,3.3
탐방시설,2025,4,설악산,146,4470,3.3
탐방시설,2025,5,지리산,139,4470,3.1
탐방시설,2025,6,탐방객,110,4470,2.5
탐방시설,2025,7,선정,103,4470,2.3
탐방시설,2025,8,탐방,103,4470,2.3
탐방시설,2025,9,국립공원공단,102,4470,2.3
탐방시설,2025,10,통제,100,4470,2.2
탐방시설,2025,11,가을,100,4470,2.2
탐방시설,2025,12,조성,98,4470,2.2
탐방시설,2025,13,프로그램,96,4470,2.1
탐방시설,2025,14,확보,93,4470,2.1
탐방시설,2025,15,케이블카,87,4470,1.9
탐방시설,2025,16,여행,85,4470,1.9
탐방시설,2025,17,개방,84,4470,1.9
탐방시설,2025,18,국비,82,4470,1.8
탐방시설,2025,19,광주,80,4470,1.8
탐방시설,2025,20,무등산,79,4470,1.8
탐방시설,2024,1,운영,154,2963,5.2
탐방시설,2024,2,탐방로,131,2963,4.4
탐방시설,2024,3,한라산,112,2963,3.8
탐방시설,2024,4,개방,89,2963,3.0
탐방시설,2024,5,지리산,79,2963,2.7
탐방시설,2024,6,탐방,71,2963,2.4
탐방시설,2024,7,프로그램,70,2963,2.4
탐방시설,2024,8,국립공원공단,65,2963,2.2
탐방시설,2024,9,광주,63,2963,2.1
탐방시설,2024,10,탐방객,59,2963,2.0
탐방시설,2024,11,영암군,58,2963,2.0
탐방시설,2024,12,전면,54,2963,1.8
탐방시설,2024,13,무등산,54,2963,1.8
탐방시설,2024,14,추진,53,2963,1.8
탐방시설,2024,15,전국,52,2963,1.8
탐방시설,2024,16,단풍,52,2963,1.8
탐방시설,2024,17,가을,52,2963,1.8
탐방시설,2024,18,통제,51,2963,1.7
탐방시설,2024,19,강원,51,2963,1.7
탐방시설,2024,20,내장산,48,2963,1.6
탐방시설,2023,1,운영,140,2453,5.7
탐방시설,2023,2,전국,132,2453,5.4
탐방시설,2023,3,탐방로,97,2453,4.0
탐방시설,2023,4,북적,83,2453,3.4
탐방시설,2023,5,한라산,70,2453,2.9
탐방시설,2023,6,강원,59,2453,2.4
탐방시설,2023,7,국립공원공단,59,2453,2.4
탐방시설,2023,8,영암군,51,2453,2.1
탐방시설,2023,9,조성,50,2453,2.0
탐방시설,2023,10,단풍,50,2453,2.0
탐방시설,2023,11,가을,49,2453,2.0
탐방시설,2023,12,관광지,48,2453,2.0
탐방시설,2023,13,프로그램,48,2453,2.0
탐방시설,2023,14,친환경,47,2453,1.9
탐방시설,2023,15,잼버리,47,2453,1.9
탐방시설,2023,16,확보,46,2453,1.9
탐방시설,2023,17,선정,45,2453,1.8
탐방시설,2023,18,월출산,44,2453,1.8
탐방시설,2023,19,지정,44,2453,1.8
탐방시설,2023,20,지리산,42,2453,1.7
탐방시설,2022,1,운영,81,1493,5.4
탐방시설,2022,2,탐방로,66,1493,4.4
탐방시설,2022,3,국립공원공단,59,1493,4.0
탐방시설,2022,4,북적,55,1493,3.7
탐방시설,2022,5,전국,55,1493,3.7
탐방시설,2022,6,한라산,54,1493,3.6
탐방시설,2022,7,프로그램,49,1493,3.3
탐방시설,2022,8,강원,47,1493,3.1
탐방시설,2022,9,조성,35,1493,2.3
탐방시설,2022,10,모집,33,1493,2.2
탐방시설,2022,11,가을,32,1493,2.1
탐방시설,2022,12,단풍,32,1493,2.1
탐방시설,2022,13,제주,31,1493,2.1
탐방시설,2022,14,시행,31,1493,2.1
탐방시설,2022,15,통제,30,1493,2.0
탐방시설,2022,16,보전,28,1493,1.9
탐방시설,2022,17,관광지,27,1493,1.8
탐방시설,2022,18,갯벌,27,1493,1.8
탐방시설,2022,19,중흥그룹,27,1493,1.8
탐방시설,2022,20,전기버스,27,1493,1.8
탐방시설,2021,1,탐방로,87,1280,6.8
탐방시설,2021,2,운영,64,1280,5.0
탐방시설,2021,3,전국,56,1280,4.4
탐방시설,2021,4,경주국립공원,51,1280,4.0
탐방시설,2021,5,가을,44,1280,3.4
탐방시설,2021,6,계룡산,43,1280,3.4
탐방시설,2021,7,행사,42,1280,3.3
탐방시설,2021,8,북적,41,1280,3.2
탐방시설,2021,9,전면,39,1280,3.0
탐방시설,2021,10,조성,38,1280,3.0
탐방시설,2021,11,단풍,38,1280,3.0
탐방시설,2021,12,시행,36,1280,2.8
탐방시설,2021,13,속리산,35,1280,2.7
탐방시설,2021,14,예약제,35,1280,2.7
탐방시설,2021,15,관광지,34,1280,2.7
탐방시설,2021,16,구간,33,1280,2.6
탐방시설,2021,17,금지,31,1280,2.4
탐방시설,2021,18,청송군,31,1280,2.4
탐방시설,2021,19,국립공원공단,31,1280,2.4
탐방시설,2021,20,해맞이,30,1280,2.3
탐방시설,2020,1,탐방로,74,1038,7.1
탐방시설,2020,2,경주국립공원,60,1038,5.8
탐방시설,2020,3,운영,48,1038,4.6
탐방시설,2020,4,코로나19,46,1038,4.4
탐방시설,2020,5,탐방,42,1038,4.0
탐방시설,2020,6,태안해안국립공원,34,1038,3.3
탐방시설,2020,7,한라산,32,1038,3.1
탐방시설,2020,8,예약제,32,1038,3.1
탐방시설,2020,9,조성,31,1038,3.0
탐방시설,2020,10,시행,31,1038,3.0
탐방시설,2020,11,치악산,30,1038,2.9
탐방시설,2020,12,코로나,27,1038,2.6
탐방시설,2020,13,월악산국립공원,26,1038,2.5
탐방시설,2020,14,거리두기,26,1038,2.5
탐방시설,2020,15,모집,26,1038,2.5
탐방시설,2020,16,해맞이,24,1038,2.3
탐방시설,2020,17,구간,24,1038,2.3
탐방시설,2020,18,원주,23,1038,2.2
탐방시설,2020,19,가야산,23,1038,2.2
탐방시설,2020,20,확보,23,1038,2.2
탐방시설,2019,1,운영,58,825,7.0
탐방시설,2019,2,북적,40,825,4.8
탐방시설,2019,3,충북,37,825,4.5
탐방시설,2019,4,프로그램,36,825,4.4
탐방시설,2019,5,단풍,35,825,4.2
탐방시설,2019,6,태안해안국립공원,30,825,3.6
탐방시설,2019,7,유원지,30,825,3.6
탐방시설,2019,8,전국,29,825,3.5
탐방시설,2019,9,종합,26,825,3.2
탐방시설,2019,10,모집,24,825,2.9
탐방시설,2019,11,태풍,24,825,2.9
탐방시설,2019,12,낙찰,23,825,2.8
탐방시설,2019,13,계약,23,825,2.8
탐방시설,2019,14,동향,23,825,2.8
탐방시설,2019,15,자연나누리,23,825,2.8
탐방시설,2019,16,국립공원공단,22,825,2.7
탐방시설,2019,17,가을,22,825,2.7
탐방시설,2019,18,일자리,21,825,2.5
탐방시설,2019,19,정보,21,825,2.5
탐방시설,2019,20,탐방로,21,825,2.5
탐방시설,2018,1,운영,33,428,7.7
탐방시설,2018,2,탐방로,21,428,4.9
탐방시설,2018,3,태안해안국립공원,19,428,4.4
탐방시설,2018,4,프로그램,16,428,3.7
탐방시설,2018,5,모집,16,428,3.7
탐방시설,2018,6,덕유산국립공원,15,428,3.5
탐방시설,2018,7,국립공원관리공단,14,428,3.3
탐방시설,2018,8,월악산국립공원,12,428,2.8
탐방시설,2018,9,안전사고,12,428,2.8
탐방시설,2018,10,전기버스,12,428,2.8
탐방시설,2018,11,야영장,11,428,2.6
탐방시설,2018,12,치악산,11,428,2.6
탐방시설,2018,13,생태나누리,11,428,2.6
탐방시설,2018,14,금지,11,428,2.6
탐방시설,2018,15,치악산국립공원,10,428,2.3
탐방시설,2018,16,둘레길,10,428,2.3
탐방시설,2018,17,전국,10,428,2.3
탐방시설,2018,18,조성,10,428,2.3
탐방시설,2018,19,한라산,10,428,2.3
탐방시설,2018,20,통제,9,428,2.1
탐방시설,2017,1,운영,21,412,5.1
탐방시설,2017,2,월악산국립공원,19,412,4.6
탐방시설,2017,3,충북,16,412,3.9
탐방시설,2017,4,북적,13,412,3.2
탐방시설,2017,5,현대건설,12,412,2.9
탐방시설,2017,6,자원봉사센터,12,412,2.9
탐방시설,2017,7,속리산,11,412,2.7
탐방시설,2017,8,하림,11,412,2.7
탐방시설,2017,9,탐방로,11,412,2.7
탐방시설,2017,10,연휴,10,412,2.4
탐방시설,2017,11,준공,9,412,2.2
탐방시설,2017,12,안전사고,9,412,2.2
탐방시설,2017,13,치악산국립공원,9,412,2.2
탐방시설,2017,14,안전,9,412,2.2
탐방시설,2017,15,추진,9,412,2.2
탐방시설,2017,16,한라산,9,412,2.2
탐방시설,2017,17,만설제,9,412,2.2
탐방시설,2017,18,겨울철,8,412,1.9
탐방시설,2017,19,주의,8,412,1.9
탐방시설,2017,20,태안해안국립공원,8,412,1.9
탐방시설,2016,1,운영,31,373,8.3
탐방시설,2016,2,탐방로,27,373,7.2
탐방시설,2016,3,덕유산국립공원,23,373,6.2
탐방시설,2016,4,치악산,17,373,4.6
탐방시설,2016,5,가을,16,373,4.3
탐방시설,2016,6,조성,15,373,4.0
탐방시설,2016,7,원주,14,373,3.8
탐방시설,2016,8,주말,13,373,3.5
탐방시설,2016,9,통제,13,373,3.5
탐방시설,2016,10,전국,12,373,3.2
탐방시설,2016,11,경주국립공원,12,373,3.2
탐방시설,2016,12,개방,11,373,2.9
탐방시설,2016,13,한라산,11,373,2.9
탐방시설,2016,14,단풍길,11,373,2.9
탐방시설,2016,15,인파,10,373,2.7
탐방시설,2016,16,경북도,10,373,2.7
탐방시설,2016,17,안전,9,373,2.4
탐방시설,2016,18,덕유산,9,373,2.4
탐방시설,2016,19,구간,9,373,2.4
탐방시설,2016,20,속리산,9,373,2.4
행정,2026,1,금정산,139,1928,7.2
행정,2026,2,부산,118,1928,6.1
행정,2026,3,지정,114,1928,5.9
행정,2026,4,대구,71,1928,3.7
행정,2026,5,동구청장,58,1928,3.0
행정,2026,6,팔공산,56,1928,2.9
행정,2026,7,국립공원공단,55,1928,2.9
행정,2026,8,가볼,53,1928,2.7
행정,2026,9,만한,53,1928,2.7
행정,2026,10,박형준,49,1928,2.5
행정,2026,11,금정산국립공원,48,1928,2.5
행정,2026,12,주호영,48,1928,2.5
행정,2026,13,예비후보,47,1928,2.4
행정,2026,14,정책,45,1928,2.3
행정,2026,15,2026년,44,1928,2.3
행정,2026,16,업무협약,37,1928,1.9
행정,2026,17,관광,35,1928,1.8
행정,2026,18,부산시장,34,1928,1.8
행정,2026,19,운영,33,1928,1.7
행정,2026,20,안전,30,1928,1.6
행정,2025,1,지정,167,1555,10.7
행정,2025,2,금정산,130,1555,8.4
행정,2025,3,부산,111,1555,7.1
행정,2025,4,업무협약,58,1555,3.7
행정,2025,5,국립공원공단,46,1555,3.0
행정,2025,6,금정산국립공원,46,1555,3.0
행정,2025,7,선정,46,1555,3.0
행정,2025,8,부산시,40,1555,2.6
행정,2025,9,활성화,39,1555,2.5
행정,2025,10,체결,39,1555,2.5
행정,2025,11,대한민국,37,1555,2.4
행정,2025,12,관광,36,1555,2.3
행정,2025,13,국가도시공원,35,1555,2.3
행정,2025,14,광주,33,1555,2.1
행정,2025,15,도심형,32,1555,2.1
행정,2025,16,지원,30,1555,1.9
행정,2025,17,추진,30,1555,1.9
행정,2025,18,국내,29,1555,1.9
행정,2025,19,덕유산국립공원,29,1555,1.9
행정,2025,20,공모전,28,1555,1.8
행정,2024,1,대구,50,880,5.7
행정,2024,2,지정,47,880,5.3
행정,2024,3,업무협약,45,880,5.1
행정,2024,4,국립공원공단,31,880,3.5
행정,2024,5,체결,30,880,3.4
행정,2024,6,신공항,29,880,3.3
행정,2024,7,금정산,28,880,3.2
행정,2024,8,환경부,26,880,3.0
행정,2024,9,지원,23,880,2.6
행정,2024,10,대통령,23,880,2.6
행정,2024,11,개항,23,880,2.6
행정,2024,12,추진,22,880,2.5
행정,2024,13,협약,22,880,2.5
행정,2024,14,부산,21,880,2.4
행정,2024,15,2030년,20,880,2.3
행정,2024,16,백양사,19,880,2.2
행정,2024,17,전남,18,880,2.0
행정,2024,18,2024년,17,880,1.9
행정,2024,19,방문,17,880,1.9
행정,2024,20,팔공산,17,880,1.9
행정,2023,1,업무협약,63,742,8.5
행정,2023,2,체결,49,742,6.6
행정,2023,3,팔공산,46,742,6.2
행정,2023,4,지정,41,742,5.5
행정,2023,5,국립공원공단,40,742,5.4
행정,2023,6,캠페인,34,742,4.6
행정,2023,7,승격,31,742,4.2
행정,2023,8,대구,27,742,3.6
행정,2023,9,잼버리,27,742,3.6
행정,2023,10,김현숙,25,742,3.4
행정,2023,11,23번째,24,742,3.2
행정,2023,12,보령,22,742,3.0
행정,2023,13,확대,22,742,3.0
행정,2023,14,플로깅,22,742,3.0
행정,2023,15,2023년,21,742,2.8
행정,2023,16,장관,20,742,2.7
행정,2023,17,5개,20,742,2.7
행정,2023,18,탐방로,20,742,2.7
행정,2023,19,SK이노베이션,19,742,2.6
행정,2023,20,영암군,18,742,2.4
행정,2022,1,정읍시,32,355,9.0
행정,2022,2,인사,31,355,8.7
행정,2022,3,내장호,24,355,6.8
행정,2022,4,국립공원공단,22,355,6.2
행정,2022,5,팔공산,18,355,5.1
행정,2022,6,업무협약,17,355,4.8
행정,2022,7,주변,16,355,4.5
행정,2022,8,용역,16,355,4.5
행정,2022,9,종합발전계획,15,355,4.2
행정,2022,10,부임,15,355,4.2
행정,2022,11,수립,14,355,3.9
행정,2022,12,지정,14,355,3.9
행정,2022,13,소장,14,355,3.9
행정,2022,14,체결,12,355,3.4
행정,2022,15,2022년,11,355,3.1
행정,2022,16,조성사업,9,355,2.5
행정,2022,17,중흥그룹,9,355,2.5
행정,2022,18,협약,9,355,2.5
행정,2022,19,개발,9,355,2.5
행정,2022,20,전남도,9,355,2.5
행정,2021,1,인사,27,376,7.2
행정,2021,2,국립공원공단,25,376,6.6
행정,2021,3,지리산,20,376,5.3
행정,2021,4,업무협약,15,376,4.0
행정,2021,5,협약,14,376,3.7
행정,2021,6,체결,13,376,3.5
행정,2021,7,해제,13,376,3.5
행정,2021,8,오늘의,13,376,3.5
행정,2021,9,인물관계도,13,376,3.5
행정,2021,10,주요,11,376,2.9
행정,2021,11,공주시,11,376,2.9
행정,2021,12,정책,10,376,2.7
행정,2021,13,2021년,10,376,2.7
행정,2021,14,송형근,9,376,2.4
행정,2021,15,탐방길,9,376,2.4
행정,2021,16,휴게소,9,376,2.4
행정,2021,17,지정,9,376,2.4
행정,2021,18,권익현,9,376,2.4
행정,2021,19,국토부,9,376,2.4
행정,2021,20,이사장,8,376,2.1
행정,2020,1,계약,25,276,9.1
행정,2020,2,낙찰,23,276,8.3
행정,2020,3,동향,23,276,8.3
행정,2020,4,인사,19,276,6.9
행정,2020,5,업무협약,15,276,5.4
행정,2020,6,금정산,15,276,5.4
행정,2020,7,국립공원공단,14,276,5.1
행정,2020,8,소장,14,276,5.1
행정,2020,9,특수학교,14,276,5.1
행정,2020,10,취임,13,276,4.7
행정,2020,11,지정,12,276,4.3
행정,2020,12,용역,11,276,4.0
행정,2020,13,부산대,11,276,4.0
행정,2020,14,체결,10,276,3.6
행정,2020,15,해인사,10,276,3.6
행정,2020,16,2020년,10,276,3.6
행정,2020,17,설립,10,276,3.6
행정,2020,18,한라산,9,276,3.3
행정,2020,19,신임,9,276,3.3
행정,2020,20,착수,9,276,3.3
행정,2019,1,정보,35,274,12.8
행정,2019,2,종합,31,274,11.3
행정,2019,3,일자리,30,274,10.9
행정,2019,4,취업,30,274,10.9
행정,2019,5,지정,25,274,9.1
행정,2019,6,국립공원공단,22,274,8.0
행정,2019,7,환경부,19,274,6.9
행정,2019,8,업무협약,17,274,6.2
행정,2019,9,체결,17,274,6.2
행정,2019,10,강화,15,274,5.5
행정,2019,11,방화도등대,15,274,5.5
행정,2019,12,기관,14,274,5.1
행정,2019,13,인사,14,274,5.1
행정,2019,14,산하,13,274,4.7
행정,2019,15,4개,13,274,4.7
행정,2019,16,등대문화유산,12,274,4.4
행정,2019,17,계약,11,274,4.0
행정,2019,18,한라산,10,274,3.6
행정,2019,19,낙찰,9,274,3.3
행정,2019,20,동향,9,274,3.3
행정,2018,1,흑산공항,41,204,20.1
행정,2018,2,건설,41,204,20.1
행정,2018,3,흑산도,26,204,12.7
행정,2018,4,공항,24,204,11.8
행정,2018,5,결정,24,204,11.8
행정,2018,6,보류,24,204,11.8
행정,2018,7,심의,15,204,7.4
행정,2018,8,9월,13,204,6.4
행정,2018,9,연기,11,204,5.4
행정,2018,10,인사,11,204,5.4
행정,2018,11,국립공원위원회,10,204,4.9
행정,2018,12,국립공원관리공단,9,204,4.4
행정,2018,13,지정,9,204,4.4
행정,2018,14,여부,8,204,3.9
행정,2018,15,경주국립공원,7,204,3.4
행정,2018,16,기념,7,204,3.4
행정,2018,17,신안군,7,204,3.4
행정,2018,18,취임,6,204,2.9
행정,2018,19,논의,6,204,2.9
행정,2018,20,영암왕인문화축제,6,204,2.9
행정,2017,1,태안군,13,125,10.4
행정,2017,2,업무협약,9,125,7.2
행정,2017,3,조선왕조실록,9,125,7.2
행정,2017,4,8일,7,125,5.6
행정,2017,5,해수욕장,7,125,5.6
행정,2017,6,체결,6,125,4.8
행정,2017,7,개장,6,125,4.8
행정,2017,8,5개,5,125,4.0
행정,2017,9,내장산국립공원,5,125,4.0
행정,2017,10,프로그램,5,125,4.0
행정,2017,11,이안,5,125,4.0
행정,2017,12,행렬,5,125,4.0
행정,2017,13,재현,5,125,4.0
행정,2017,14,자유학기제,5,125,4.0
행정,2017,15,진로체험,5,125,4.0
행정,2017,16,본격,5,125,4.0
행정,2017,17,7월,5,125,4.0
행정,2017,18,구름다리,5,125,4.0
행정,2017,19,국립공원관리공단,4,125,3.2
행정,2017,20,신안군의회,4,125,3.2
행정,2016,1,업무협약,11,133,8.3
행정,2016,2,지정,7,133,5.3
행정,2016,3,광주,7,133,5.3
행정,2016,4,경주국립공원,7,133,5.3
행정,2016,5,태안군,6,133,4.5
행정,2016,6,개통,5,133,3.8
행정,2016,7,1년,5,133,3.8
행정,2016,8,체결,5,133,3.8
행정,2016,9,불국사,5,133,3.8
행정,2016,10,확장,4,133,3.0
행정,2016,11,여수,4,133,3.0
행정,2016,12,고흥,4,133,3.0
행정,2016,13,팔영대교,4,133,3.0
행정,2016,14,생태연결,4,133,3.0
행정,2016,15,윤성규,4,133,3.0
행정,2016,16,장관,4,133,3.0
행정,2016,17,IUCN,4,133,3.0
행정,2016,18,대구고속도로,3,133,2.3
행정,2016,19,도로,3,133,2.3
행정,2016,20,오명,3,133,2.3
